patient,gene,variant,disease,level,source,therapy
TCGA-3L-AA1B,BRAF,L597V,COAD,3,oncokb,oncokb_civic.Trametinib
TCGA-3L-AA1B,NRAS,G12D,COAD,3,oncokb,oncokb_civic.Binimetinib
TCGA-3L-AA1B,NRAS,G12D,COAD,R1,oncokb,oncokb_civic.Cetuximab
TCGA-3L-AA1B,NRAS,G12D,COAD,R1,oncokb,oncokb_civic.Panitumumab
TCGA-3L-AA1B,PIK3CA,E545K,COAD,3,oncokb,oncokb_civic.Alpelisib_Fulvestrant
TCGA-4N-A93T,KRAS,G12D,COAD,R1,oncokb,oncokb_civic.Cetuximab
TCGA-4N-A93T,KRAS,G12D,COAD,R1,oncokb,oncokb_civic.Panitumumab
TCGA-4T-AA8H,KRAS,G12V,COAD,R1,oncokb,oncokb_civic.Cetuximab
TCGA-4T-AA8H,KRAS,G12V,COAD,R1,oncokb,oncokb_civic.Panitumumab
TCGA-5M-AAT4,KRAS,G12D,COAD,R1,oncokb,oncokb_civic.Cetuximab
TCGA-5M-AAT4,KRAS,G12D,COAD,R1,oncokb,oncokb_civic.Panitumumab
TCGA-5M-AAT6,BRCA2,F15Lfs10,COAD,3,oncokb,oncokb_civic.Olaparib
TCGA-5M-AAT6,BRCA2,F15Lfs10,COAD,3,oncokb,oncokb_civic.Talazoparib
TCGA-5M-AAT6,BRCA2,F15Lfs10,COAD,3,oncokb,oncokb_civic.Olaparib_Bevacizumab
TCGA-5M-AAT6,BRCA2,F15Lfs10,COAD,3,oncokb,oncokb_civic.Rucaparib
TCGA-5M-AAT6,BRCA2,F15Lfs10,COAD,3,oncokb,oncokb_civic.Niraparib
TCGA-5M-AAT6,KRAS,G12D,COAD,R1,oncokb,oncokb_civic.Cetuximab
TCGA-5M-AAT6,KRAS,G12D,COAD,R1,oncokb,oncokb_civic.Panitumumab
TCGA-5M-AATE,KRAS,G13D,COAD,R1,oncokb,oncokb_civic.Cetuximab
TCGA-5M-AATE,KRAS,G13D,COAD,R1,oncokb,oncokb_civic.Panitumumab
TCGA-5M-AATE,PIK3CA,E545K,COAD,3,oncokb,oncokb_civic.Alpelisib_Fulvestrant
TCGA-A6-2674,KRAS,G12D,COAD,R1,oncokb,oncokb_civic.Cetuximab
TCGA-A6-2674,KRAS,G12D,COAD,R1,oncokb,oncokb_civic.Panitumumab
TCGA-A6-2674,KRAS,G12D,COAD,R1,oncokb,oncokb_civic.Cetuximab
TCGA-A6-2674,KRAS,G12D,COAD,R1,oncokb,oncokb_civic.Panitumumab
TCGA-A6-2674,PIK3CA,R108H,COAD,3,oncokb,oncokb_civic.Alpelisib_Fulvestrant
TCGA-A6-2681,KRAS,G12V,COAD,R1,oncokb,oncokb_civic.Cetuximab
TCGA-A6-2681,KRAS,G12V,COAD,R1,oncokb,oncokb_civic.Panitumumab
TCGA-A6-2681,KRAS,G12V,COAD,R1,oncokb,oncokb_civic.Cetuximab
TCGA-A6-2681,KRAS,G12V,COAD,R1,oncokb,oncokb_civic.Panitumumab
TCGA-A6-2683,PIK3CA,D350N,COAD,3,oncokb,oncokb_civic.Alpelisib_Fulvestrant
TCGA-A6-2684,KRAS,G12D,COAD,R1,oncokb,oncokb_civic.Cetuximab
TCGA-A6-2684,KRAS,G12D,COAD,R1,oncokb,oncokb_civic.Panitumumab
TCGA-A6-2684,KRAS,G12D,COAD,R1,oncokb,oncokb_civic.Cetuximab
TCGA-A6-2684,KRAS,G12D,COAD,R1,oncokb,oncokb_civic.Panitumumab
TCGA-A6-2684,PIK3CA,C420R,COAD,3,oncokb,oncokb_civic.Alpelisib_Fulvestrant
TCGA-A6-2684,PIK3CA,C420R,COAD,3,oncokb,oncokb_civic.Alpelisib_Fulvestrant
TCGA-A6-2686,CHEK2,X241_splice,COAD,3,oncokb,oncokb_civic.Olaparib
TCGA-A6-2686,CHEK2,X241_splice,COAD,3,oncokb,oncokb_civic.Olaparib
TCGA-A6-3807,BRIP1,S1117,COAD,3,oncokb,oncokb_civic.Olaparib
TCGA-A6-3809,BRAF,V600E,COAD,1,oncokb,oncokb_civic.Encorafenib_Cetuximab
TCGA-A6-3809,BRAF,V600E,COAD,2,oncokb,oncokb_civic.Encorafenib_Panitumumab
TCGA-A6-3809,BRAF,V600E,COAD,3,oncokb,oncokb_civic.Vemurafenib
TCGA-A6-3809,BRAF,V600E,COAD,3,oncokb,oncokb_civic.Dabrafenib
TCGA-A6-3809,BRAF,V600E,COAD,3,oncokb,oncokb_civic.Dabrafenib_Trametinib
TCGA-A6-3809,BRAF,V600E,COAD,3,oncokb,oncokb_civic.Selumetinib
TCGA-A6-3809,BRAF,V600E,COAD,3,oncokb,oncokb_civic.Vemurafenib_Atezolizumab_Cobimetinib
TCGA-A6-3809,BRAF,V600E,COAD,3,oncokb,oncokb_civic.Trametinib
TCGA-A6-3809,BRAF,V600E,COAD,3,oncokb,oncokb_civic.Vemurafenib_Cobimetinib
TCGA-A6-3809,BRAF,V600E,COAD,3,oncokb,oncokb_civic.Encorafenib_Binimetinib
TCGA-A6-4105,KRAS,G12V,COAD,R1,oncokb,oncokb_civic.Cetuximab
TCGA-A6-4105,KRAS,G12V,COAD,R1,oncokb,oncokb_civic.Panitumumab
TCGA-A6-4105,MTOR,Q2223K,COAD,3,oncokb,oncokb_civic.Everolimus
TCGA-A6-4105,PIK3CA,E542K,COAD,3,oncokb,oncokb_civic.Alpelisib_Fulvestrant
TCGA-A6-4105,ATM,E708,COAD,3,oncokb,oncokb_civic.Olaparib
TCGA-A6-4107,KRAS,G13D,COAD,R1,oncokb,oncokb_civic.Cetuximab
TCGA-A6-4107,KRAS,G13D,COAD,R1,oncokb,oncokb_civic.Panitumumab
TCGA-A6-4107,KRAS,G13D,COAD,R1,oncokb,oncokb_civic.Cetuximab
TCGA-A6-4107,KRAS,G13D,COAD,R1,oncokb,oncokb_civic.Panitumumab
TCGA-A6-4107,PIK3CA,E542K,COAD,3,oncokb,oncokb_civic.Alpelisib_Fulvestrant
TCGA-A6-4107,PIK3CA,E542K,COAD,3,oncokb,oncokb_civic.Alpelisib_Fulvestrant
TCGA-A6-5657,KRAS,G12S,COAD,R1,oncokb,oncokb_civic.Cetuximab
TCGA-A6-5657,KRAS,G12S,COAD,R1,oncokb,oncokb_civic.Panitumumab
TCGA-A6-5657,KRAS,G12S,COAD,R1,oncokb,oncokb_civic.Cetuximab
TCGA-A6-5657,KRAS,G12S,COAD,R1,oncokb,oncokb_civic.Panitumumab
TCGA-A6-5657,PIK3CA,E545K,COAD,3,oncokb,oncokb_civic.Alpelisib_Fulvestrant
TCGA-A6-5657,PIK3CA,E545K,COAD,3,oncokb,oncokb_civic.Alpelisib_Fulvestrant
TCGA-A6-5659,KRAS,G12V,COAD,R1,oncokb,oncokb_civic.Cetuximab
TCGA-A6-5659,KRAS,G12V,COAD,R1,oncokb,oncokb_civic.Panitumumab
TCGA-A6-5659,KRAS,G12V,COAD,R1,oncokb,oncokb_civic.Cetuximab
TCGA-A6-5659,KRAS,G12V,COAD,R1,oncokb,oncokb_civic.Panitumumab
TCGA-A6-5659,PIK3CA,R88Q,COAD,3,oncokb,oncokb_civic.Alpelisib_Fulvestrant
TCGA-A6-5659,PIK3CA,R88Q,COAD,3,oncokb,oncokb_civic.Alpelisib_Fulvestrant
TCGA-A6-5661,AKT1,E17K,COAD,3,oncokb,oncokb_civic.AZD5363
TCGA-A6-5661,AKT1,E17K,COAD,3,oncokb,oncokb_civic.AZD5363
TCGA-A6-5661,BRAF,V600E,COAD,1,oncokb,oncokb_civic.Encorafenib_Cetuximab
TCGA-A6-5661,BRAF,V600E,COAD,2,oncokb,oncokb_civic.Encorafenib_Panitumumab
TCGA-A6-5661,BRAF,V600E,COAD,3,oncokb,oncokb_civic.Vemurafenib
TCGA-A6-5661,BRAF,V600E,COAD,3,oncokb,oncokb_civic.Dabrafenib
TCGA-A6-5661,BRAF,V600E,COAD,3,oncokb,oncokb_civic.Dabrafenib_Trametinib
TCGA-A6-5661,BRAF,V600E,COAD,3,oncokb,oncokb_civic.Selumetinib
TCGA-A6-5661,BRAF,V600E,COAD,3,oncokb,oncokb_civic.Vemurafenib_Atezolizumab_Cobimetinib
TCGA-A6-5661,BRAF,V600E,COAD,3,oncokb,oncokb_civic.Trametinib
TCGA-A6-5661,BRAF,V600E,COAD,3,oncokb,oncokb_civic.Vemurafenib_Cobimetinib
TCGA-A6-5661,BRAF,V600E,COAD,3,oncokb,oncokb_civic.Encorafenib_Binimetinib
TCGA-A6-5661,BRAF,V600E,COAD,1,oncokb,oncokb_civic.Encorafenib_Cetuximab
TCGA-A6-5661,BRAF,V600E,COAD,2,oncokb,oncokb_civic.Encorafenib_Panitumumab
TCGA-A6-5661,BRAF,V600E,COAD,3,oncokb,oncokb_civic.Vemurafenib
TCGA-A6-5661,BRAF,V600E,COAD,3,oncokb,oncokb_civic.Dabrafenib
TCGA-A6-5661,BRAF,V600E,COAD,3,oncokb,oncokb_civic.Dabrafenib_Trametinib
TCGA-A6-5661,BRAF,V600E,COAD,3,oncokb,oncokb_civic.Selumetinib
TCGA-A6-5661,BRAF,V600E,COAD,3,oncokb,oncokb_civic.Vemurafenib_Atezolizumab_Cobimetinib
TCGA-A6-5661,BRAF,V600E,COAD,3,oncokb,oncokb_civic.Trametinib
TCGA-A6-5661,BRAF,V600E,COAD,3,oncokb,oncokb_civic.Vemurafenib_Cobimetinib
TCGA-A6-5661,BRAF,V600E,COAD,3,oncokb,oncokb_civic.Encorafenib_Binimetinib
TCGA-A6-5662,KRAS,G12V,COAD,R1,oncokb,oncokb_civic.Cetuximab
TCGA-A6-5662,KRAS,G12V,COAD,R1,oncokb,oncokb_civic.Panitumumab
TCGA-A6-5662,KRAS,G12V,COAD,R1,oncokb,oncokb_civic.Cetuximab
TCGA-A6-5662,KRAS,G12V,COAD,R1,oncokb,oncokb_civic.Panitumumab
TCGA-A6-5664,KRAS,Q61R,COAD,R1,oncokb,oncokb_civic.Cetuximab
TCGA-A6-5664,KRAS,Q61R,COAD,R1,oncokb,oncokb_civic.Panitumumab
TCGA-A6-5665,BRCA2,T2515Nfs24,COAD,3,oncokb,oncokb_civic.Olaparib
TCGA-A6-5665,BRCA2,T2515Nfs24,COAD,3,oncokb,oncokb_civic.Talazoparib
TCGA-A6-5665,BRCA2,T2515Nfs24,COAD,3,oncokb,oncokb_civic.Olaparib_Bevacizumab
TCGA-A6-5665,BRCA2,T2515Nfs24,COAD,3,oncokb,oncokb_civic.Rucaparib
TCGA-A6-5665,BRCA2,T2515Nfs24,COAD,3,oncokb,oncokb_civic.Niraparib
TCGA-A6-5665,BRCA2,T2515Nfs24,COAD,3,oncokb,oncokb_civic.Olaparib
TCGA-A6-5665,BRCA2,T2515Nfs24,COAD,3,oncokb,oncokb_civic.Talazoparib
TCGA-A6-5665,BRCA2,T2515Nfs24,COAD,3,oncokb,oncokb_civic.Olaparib_Bevacizumab
TCGA-A6-5665,BRCA2,T2515Nfs24,COAD,3,oncokb,oncokb_civic.Rucaparib
TCGA-A6-5665,BRCA2,T2515Nfs24,COAD,3,oncokb,oncokb_civic.Niraparib
TCGA-A6-5665,ATM,R337H,COAD,3,oncokb,oncokb_civic.Olaparib
TCGA-A6-5665,ATM,R337H,COAD,3,oncokb,oncokb_civic.Olaparib
TCGA-A6-5665,BRAF,V600E,COAD,1,oncokb,oncokb_civic.Encorafenib_Cetuximab
TCGA-A6-5665,BRAF,V600E,COAD,2,oncokb,oncokb_civic.Encorafenib_Panitumumab
TCGA-A6-5665,BRAF,V600E,COAD,3,oncokb,oncokb_civic.Vemurafenib
TCGA-A6-5665,BRAF,V600E,COAD,3,oncokb,oncokb_civic.Dabrafenib
TCGA-A6-5665,BRAF,V600E,COAD,3,oncokb,oncokb_civic.Dabrafenib_Trametinib
TCGA-A6-5665,BRAF,V600E,COAD,3,oncokb,oncokb_civic.Selumetinib
TCGA-A6-5665,BRAF,V600E,COAD,3,oncokb,oncokb_civic.Vemurafenib_Atezolizumab_Cobimetinib
TCGA-A6-5665,BRAF,V600E,COAD,3,oncokb,oncokb_civic.Trametinib
TCGA-A6-5665,BRAF,V600E,COAD,3,oncokb,oncokb_civic.Vemurafenib_Cobimetinib
TCGA-A6-5665,BRAF,V600E,COAD,3,oncokb,oncokb_civic.Encorafenib_Binimetinib
TCGA-A6-5665,BRAF,V600E,COAD,1,oncokb,oncokb_civic.Encorafenib_Cetuximab
TCGA-A6-5665,BRAF,V600E,COAD,2,oncokb,oncokb_civic.Encorafenib_Panitumumab
TCGA-A6-5665,BRAF,V600E,COAD,3,oncokb,oncokb_civic.Vemurafenib
TCGA-A6-5665,BRAF,V600E,COAD,3,oncokb,oncokb_civic.Dabrafenib
TCGA-A6-5665,BRAF,V600E,COAD,3,oncokb,oncokb_civic.Dabrafenib_Trametinib
TCGA-A6-5665,BRAF,V600E,COAD,3,oncokb,oncokb_civic.Selumetinib
TCGA-A6-5665,BRAF,V600E,COAD,3,oncokb,oncokb_civic.Vemurafenib_Atezolizumab_Cobimetinib
TCGA-A6-5665,BRAF,V600E,COAD,3,oncokb,oncokb_civic.Trametinib
TCGA-A6-5665,BRAF,V600E,COAD,3,oncokb,oncokb_civic.Vemurafenib_Cobimetinib
TCGA-A6-5665,BRAF,V600E,COAD,3,oncokb,oncokb_civic.Encorafenib_Binimetinib
TCGA-A6-5665,CDK12,R890H,COAD,3,oncokb,oncokb_civic.Olaparib
TCGA-A6-5665,CDK12,R890H,COAD,3,oncokb,oncokb_civic.Olaparib
TCGA-A6-5666,KRAS,Q61H,COAD,R1,oncokb,oncokb_civic.Cetuximab
TCGA-A6-5666,KRAS,Q61H,COAD,R1,oncokb,oncokb_civic.Panitumumab
TCGA-A6-5666,KRAS,Q61H,COAD,R1,oncokb,oncokb_civic.Cetuximab
TCGA-A6-5666,KRAS,Q61H,COAD,R1,oncokb,oncokb_civic.Panitumumab
TCGA-A6-5666,PIK3CA,R88Q,COAD,3,oncokb,oncokb_civic.Alpelisib_Fulvestrant
TCGA-A6-5666,PIK3CA,R88Q,COAD,3,oncokb,oncokb_civic.Alpelisib_Fulvestrant
TCGA-A6-6137,PIK3CA,E453_L455del,COAD,3,oncokb,oncokb_civic.Alpelisib_Fulvestrant
TCGA-A6-6138,KRAS,G13D,COAD,R1,oncokb,oncokb_civic.Cetuximab
TCGA-A6-6138,KRAS,G13D,COAD,R1,oncokb,oncokb_civic.Panitumumab
TCGA-A6-6649,BRAF,V600E,COAD,1,oncokb,oncokb_civic.Encorafenib_Cetuximab
TCGA-A6-6649,BRAF,V600E,COAD,2,oncokb,oncokb_civic.Encorafenib_Panitumumab
TCGA-A6-6649,BRAF,V600E,COAD,3,oncokb,oncokb_civic.Vemurafenib
TCGA-A6-6649,BRAF,V600E,COAD,3,oncokb,oncokb_civic.Dabrafenib
TCGA-A6-6649,BRAF,V600E,COAD,3,oncokb,oncokb_civic.Dabrafenib_Trametinib
TCGA-A6-6649,BRAF,V600E,COAD,3,oncokb,oncokb_civic.Selumetinib
TCGA-A6-6649,BRAF,V600E,COAD,3,oncokb,oncokb_civic.Vemurafenib_Atezolizumab_Cobimetinib
TCGA-A6-6649,BRAF,V600E,COAD,3,oncokb,oncokb_civic.Trametinib
TCGA-A6-6649,BRAF,V600E,COAD,3,oncokb,oncokb_civic.Vemurafenib_Cobimetinib
TCGA-A6-6649,BRAF,V600E,COAD,3,oncokb,oncokb_civic.Encorafenib_Binimetinib
TCGA-A6-6653,ATM,W1026Lfs22,COAD,3,oncokb,oncokb_civic.Olaparib
TCGA-A6-6654,KRAS,G13C,COAD,R1,oncokb,oncokb_civic.Cetuximab
TCGA-A6-6654,KRAS,G13C,COAD,R1,oncokb,oncokb_civic.Panitumumab
TCGA-A6-6780,PIK3CA,H1047R,COAD,3,oncokb,oncokb_civic.Alpelisib_Fulvestrant
TCGA-A6-6781,ATM,K1170Nfs11,COAD,3,oncokb,oncokb_civic.Olaparib
TCGA-A6-6781,PIK3CA,T1025A,COAD,3,oncokb,oncokb_civic.Alpelisib_Fulvestrant
TCGA-A6-A566,KRAS,K117N,COAD,R1,oncokb,oncokb_civic.Cetuximab
TCGA-A6-A566,KRAS,K117N,COAD,R1,oncokb,oncokb_civic.Panitumumab
TCGA-A6-A566,PIK3CA,E365K,COAD,3,oncokb,oncokb_civic.Alpelisib_Fulvestrant
TCGA-A6-A567,KRAS,G12C,COAD,3,oncokb,oncokb_civic.Adagrasib
TCGA-A6-A567,KRAS,G12C,COAD,3,oncokb,oncokb_civic.Sotorasib
TCGA-A6-A567,KRAS,G12C,COAD,3,oncokb,oncokb_civic.Adagrasib_Cetuximab
TCGA-A6-A567,KRAS,G12C,COAD,R1,oncokb,oncokb_civic.Cetuximab
TCGA-A6-A567,KRAS,G12C,COAD,R1,oncokb,oncokb_civic.Panitumumab
TCGA-AA-3489,PIK3CA,G1049R,COAD,3,oncokb,oncokb_civic.Alpelisib_Fulvestrant
TCGA-AA-3492,ATM,F61Lfs15,COAD,3,oncokb,oncokb_civic.Olaparib
TCGA-AA-3492,CDK12,P538Lfs72,COAD,3,oncokb,oncokb_civic.Olaparib
TCGA-AA-3496,BRIP1,I504Nfs7,COAD,3,oncokb,oncokb_civic.Olaparib
TCGA-AA-3502,ATM,R337C,COAD,3,oncokb,oncokb_civic.Olaparib
TCGA-AA-3502,ERBB2,R678Q,COAD,3,oncokb,oncokb_civic.Ado-Trastuzumab_Emtansine
TCGA-AA-3502,ERBB2,R678Q,COAD,3,oncokb,oncokb_civic.Neratinib
TCGA-AA-3502,ERBB2,R678Q,COAD,3,oncokb,oncokb_civic.Trastuzumab_Deruxtecan
TCGA-AA-3502,ERBB2,R678Q,COAD,3,oncokb,oncokb_civic.Trastuzumab_Pertuzumab_Docetaxel
TCGA-AA-3502,KRAS,G12D,COAD,R1,oncokb,oncokb_civic.Cetuximab
TCGA-AA-3502,KRAS,G12D,COAD,R1,oncokb,oncokb_civic.Panitumumab
TCGA-AA-3506,KRAS,G13D,COAD,R1,oncokb,oncokb_civic.Cetuximab
TCGA-AA-3506,KRAS,G13D,COAD,R1,oncokb,oncokb_civic.Panitumumab
TCGA-AA-3510,MAP2K1,G128D,COAD,3,oncokb,oncokb_civic.Trametinib
TCGA-AA-3510,MAP2K1,G128D,COAD,3,oncokb,oncokb_civic.Cobimetinib
TCGA-AA-3510,PIK3CA,R88Q,COAD,3,oncokb,oncokb_civic.Alpelisib_Fulvestrant
TCGA-AA-3511,KRAS,G12D,COAD,R1,oncokb,oncokb_civic.Cetuximab
TCGA-AA-3511,KRAS,G12D,COAD,R1,oncokb,oncokb_civic.Panitumumab
TCGA-AA-3526,PIK3CA,E110del,COAD,3,oncokb,oncokb_civic.Alpelisib_Fulvestrant
TCGA-AA-3527,PIK3CA,N345K,COAD,3,oncokb,oncokb_civic.Alpelisib_Fulvestrant
TCGA-AA-3527,PIK3CA,N345K,COAD,3,oncokb,oncokb_civic.Alpelisib_Fulvestrant
TCGA-AA-3548,PIK3CA,H1047R,COAD,3,oncokb,oncokb_civic.Alpelisib_Fulvestrant
TCGA-AA-3660,KRAS,A146T,COAD,R1,oncokb,oncokb_civic.Cetuximab
TCGA-AA-3660,KRAS,A146T,COAD,R1,oncokb,oncokb_civic.Panitumumab
TCGA-AA-3660,PIK3CA,E545K,COAD,3,oncokb,oncokb_civic.Alpelisib_Fulvestrant
TCGA-AA-3663,ATM,F61Lfs15,COAD,3,oncokb,oncokb_civic.Olaparib
TCGA-AA-3663,FANCL,M375Cfs20,COAD,3,oncokb,oncokb_civic.Olaparib
TCGA-AA-3663,KRAS,G13D,COAD,R1,oncokb,oncokb_civic.Cetuximab
TCGA-AA-3663,KRAS,G13D,COAD,R1,oncokb,oncokb_civic.Panitumumab
TCGA-AA-3663,PIK3CA,E542K,COAD,3,oncokb,oncokb_civic.Alpelisib_Fulvestrant
TCGA-AA-3664,BRAF,V600E,COAD,1,oncokb,oncokb_civic.Encorafenib_Cetuximab
TCGA-AA-3664,BRAF,V600E,COAD,2,oncokb,oncokb_civic.Encorafenib_Panitumumab
TCGA-AA-3664,BRAF,V600E,COAD,3,oncokb,oncokb_civic.Vemurafenib
TCGA-AA-3664,BRAF,V600E,COAD,3,oncokb,oncokb_civic.Dabrafenib
TCGA-AA-3664,BRAF,V600E,COAD,3,oncokb,oncokb_civic.Dabrafenib_Trametinib
TCGA-AA-3664,BRAF,V600E,COAD,3,oncokb,oncokb_civic.Selumetinib
TCGA-AA-3664,BRAF,V600E,COAD,3,oncokb,oncokb_civic.Vemurafenib_Atezolizumab_Cobimetinib
TCGA-AA-3664,BRAF,V600E,COAD,3,oncokb,oncokb_civic.Trametinib
TCGA-AA-3664,BRAF,V600E,COAD,3,oncokb,oncokb_civic.Vemurafenib_Cobimetinib
TCGA-AA-3664,BRAF,V600E,COAD,3,oncokb,oncokb_civic.Encorafenib_Binimetinib
TCGA-AA-3664,ATM,W2769,COAD,3,oncokb,oncokb_civic.Olaparib
TCGA-AA-3666,NRAS,Q61K,COAD,3,oncokb,oncokb_civic.Binimetinib
TCGA-AA-3666,NRAS,Q61K,COAD,R1,oncokb,oncokb_civic.Cetuximab
TCGA-AA-3666,NRAS,Q61K,COAD,R1,oncokb,oncokb_civic.Panitumumab
TCGA-AA-3672,ATM,K2811Sfs46,COAD,3,oncokb,oncokb_civic.Olaparib
TCGA-AA-3672,IDH2,R140W,COAD,3,oncokb,oncokb_civic.Enasidenib
TCGA-AA-3672,KRAS,Q61K,COAD,R1,oncokb,oncokb_civic.Cetuximab
TCGA-AA-3672,KRAS,Q61K,COAD,R1,oncokb,oncokb_civic.Panitumumab
TCGA-AA-3673,PIK3CA,C420R,COAD,3,oncokb,oncokb_civic.Alpelisib_Fulvestrant
TCGA-AA-3675,PIK3CA,H1047Y,COAD,3,oncokb,oncokb_civic.Alpelisib_Fulvestrant
TCGA-AA-3675,PIK3CA,V344G,COAD,3,oncokb,oncokb_civic.Alpelisib_Fulvestrant
TCGA-AA-3678,ATM,G2425Vfs15,COAD,3,oncokb,oncokb_civic.Olaparib
TCGA-AA-3678,ATM,T1609,COAD,3,oncokb,oncokb_civic.Olaparib
TCGA-AA-3680,KRAS,G13D,COAD,R1,oncokb,oncokb_civic.Cetuximab
TCGA-AA-3680,KRAS,G13D,COAD,R1,oncokb,oncokb_civic.Panitumumab
TCGA-AA-3681,KRAS,A146T,COAD,R1,oncokb,oncokb_civic.Cetuximab
TCGA-AA-3681,KRAS,A146T,COAD,R1,oncokb,oncokb_civic.Panitumumab
TCGA-AA-3684,BRAF,V600E,COAD,1,oncokb,oncokb_civic.Encorafenib_Cetuximab
TCGA-AA-3684,BRAF,V600E,COAD,2,oncokb,oncokb_civic.Encorafenib_Panitumumab
TCGA-AA-3684,BRAF,V600E,COAD,3,oncokb,oncokb_civic.Vemurafenib
TCGA-AA-3684,BRAF,V600E,COAD,3,oncokb,oncokb_civic.Dabrafenib
TCGA-AA-3684,BRAF,V600E,COAD,3,oncokb,oncokb_civic.Dabrafenib_Trametinib
TCGA-AA-3684,BRAF,V600E,COAD,3,oncokb,oncokb_civic.Selumetinib
TCGA-AA-3684,BRAF,V600E,COAD,3,oncokb,oncokb_civic.Vemurafenib_Atezolizumab_Cobimetinib
TCGA-AA-3684,BRAF,V600E,COAD,3,oncokb,oncokb_civic.Trametinib
TCGA-AA-3684,BRAF,V600E,COAD,3,oncokb,oncokb_civic.Vemurafenib_Cobimetinib
TCGA-AA-3684,BRAF,V600E,COAD,3,oncokb,oncokb_civic.Encorafenib_Binimetinib
TCGA-AA-3693,CDK12,R1331,COAD,3,oncokb,oncokb_civic.Olaparib
TCGA-AA-3695,ATM,X1249_splice,COAD,3,oncokb,oncokb_civic.Olaparib
TCGA-AA-3696,PIK3CA,H1047R,COAD,3,oncokb,oncokb_civic.Alpelisib_Fulvestrant
TCGA-AA-3712,PIK3CA,E545K,COAD,3,oncokb,oncokb_civic.Alpelisib_Fulvestrant
TCGA-AA-3712,TSC2,X741_splice,COAD,3,oncokb,oncokb_civic.Everolimus
TCGA-AA-3712,TSC2,X741_splice,COAD,3,oncokb,oncokb_civic.ABI-009
TCGA-AA-3713,BRAF,V600E,COAD,1,oncokb,oncokb_civic.Encorafenib_Cetuximab
TCGA-AA-3713,BRAF,V600E,COAD,2,oncokb,oncokb_civic.Encorafenib_Panitumumab
TCGA-AA-3713,BRAF,V600E,COAD,3,oncokb,oncokb_civic.Vemurafenib
TCGA-AA-3713,BRAF,V600E,COAD,3,oncokb,oncokb_civic.Dabrafenib
TCGA-AA-3713,BRAF,V600E,COAD,3,oncokb,oncokb_civic.Dabrafenib_Trametinib
TCGA-AA-3713,BRAF,V600E,COAD,3,oncokb,oncokb_civic.Selumetinib
TCGA-AA-3713,BRAF,V600E,COAD,3,oncokb,oncokb_civic.Vemurafenib_Atezolizumab_Cobimetinib
TCGA-AA-3713,BRAF,V600E,COAD,3,oncokb,oncokb_civic.Trametinib
TCGA-AA-3713,BRAF,V600E,COAD,3,oncokb,oncokb_civic.Vemurafenib_Cobimetinib
TCGA-AA-3713,BRAF,V600E,COAD,3,oncokb,oncokb_civic.Encorafenib_Binimetinib
TCGA-AA-3713,CDK12,R890H,COAD,3,oncokb,oncokb_civic.Olaparib
TCGA-AA-3715,BRAF,V600E,COAD,1,oncokb,oncokb_civic.Encorafenib_Cetuximab
TCGA-AA-3715,BRAF,V600E,COAD,2,oncokb,oncokb_civic.Encorafenib_Panitumumab
TCGA-AA-3715,BRAF,V600E,COAD,3,oncokb,oncokb_civic.Vemurafenib
TCGA-AA-3715,BRAF,V600E,COAD,3,oncokb,oncokb_civic.Dabrafenib
TCGA-AA-3715,BRAF,V600E,COAD,3,oncokb,oncokb_civic.Dabrafenib_Trametinib
TCGA-AA-3715,BRAF,V600E,COAD,3,oncokb,oncokb_civic.Selumetinib
TCGA-AA-3715,BRAF,V600E,COAD,3,oncokb,oncokb_civic.Vemurafenib_Atezolizumab_Cobimetinib
TCGA-AA-3715,BRAF,V600E,COAD,3,oncokb,oncokb_civic.Trametinib
TCGA-AA-3715,BRAF,V600E,COAD,3,oncokb,oncokb_civic.Vemurafenib_Cobimetinib
TCGA-AA-3715,BRAF,V600E,COAD,3,oncokb,oncokb_civic.Encorafenib_Binimetinib
TCGA-AA-3715,KRAS,G12D,COAD,R1,oncokb,oncokb_civic.Cetuximab
TCGA-AA-3715,KRAS,G12D,COAD,R1,oncokb,oncokb_civic.Panitumumab
TCGA-AA-3715,PIK3CA,H1047R,COAD,3,oncokb,oncokb_civic.Alpelisib_Fulvestrant
TCGA-AA-3715,CHEK1,K470,COAD,3,oncokb,oncokb_civic.Olaparib
TCGA-AA-3811,ATM,C1838Vfs8,COAD,3,oncokb,oncokb_civic.Olaparib
TCGA-AA-3811,BARD1,N306Ifs11,COAD,3,oncokb,oncokb_civic.Olaparib
TCGA-AA-3812,BARD1,W680,COAD,3,oncokb,oncokb_civic.Olaparib
TCGA-AA-3815,BRAF,V600E,COAD,1,oncokb,oncokb_civic.Encorafenib_Cetuximab
TCGA-AA-3815,BRAF,V600E,COAD,2,oncokb,oncokb_civic.Encorafenib_Panitumumab
TCGA-AA-3815,BRAF,V600E,COAD,3,oncokb,oncokb_civic.Vemurafenib
TCGA-AA-3815,BRAF,V600E,COAD,3,oncokb,oncokb_civic.Dabrafenib
TCGA-AA-3815,BRAF,V600E,COAD,3,oncokb,oncokb_civic.Dabrafenib_Trametinib
TCGA-AA-3815,BRAF,V600E,COAD,3,oncokb,oncokb_civic.Selumetinib
TCGA-AA-3815,BRAF,V600E,COAD,3,oncokb,oncokb_civic.Vemurafenib_Atezolizumab_Cobimetinib
TCGA-AA-3815,BRAF,V600E,COAD,3,oncokb,oncokb_civic.Trametinib
TCGA-AA-3815,BRAF,V600E,COAD,3,oncokb,oncokb_civic.Vemurafenib_Cobimetinib
TCGA-AA-3815,BRAF,V600E,COAD,3,oncokb,oncokb_civic.Encorafenib_Binimetinib
TCGA-AA-3815,PIK3CA,H1047R,COAD,3,oncokb,oncokb_civic.Alpelisib_Fulvestrant
TCGA-AA-3818,KRAS,G12D,COAD,R1,oncokb,oncokb_civic.Cetuximab
TCGA-AA-3818,KRAS,G12D,COAD,R1,oncokb,oncokb_civic.Panitumumab
TCGA-AA-3818,PIK3CA,E545K,COAD,3,oncokb,oncokb_civic.Alpelisib_Fulvestrant
TCGA-AA-3819,NRAS,Q61L,COAD,3,oncokb,oncokb_civic.Binimetinib
TCGA-AA-3819,NRAS,Q61L,COAD,R1,oncokb,oncokb_civic.Cetuximab
TCGA-AA-3819,NRAS,Q61L,COAD,R1,oncokb,oncokb_civic.Panitumumab
TCGA-AA-3819,ATM,X1726_splice,COAD,3,oncokb,oncokb_civic.Olaparib
TCGA-AA-3821,BRAF,V600E,COAD,1,oncokb,oncokb_civic.Encorafenib_Cetuximab
TCGA-AA-3821,BRAF,V600E,COAD,2,oncokb,oncokb_civic.Encorafenib_Panitumumab
TCGA-AA-3821,BRAF,V600E,COAD,3,oncokb,oncokb_civic.Vemurafenib
TCGA-AA-3821,BRAF,V600E,COAD,3,oncokb,oncokb_civic.Dabrafenib
TCGA-AA-3821,BRAF,V600E,COAD,3,oncokb,oncokb_civic.Dabrafenib_Trametinib
TCGA-AA-3821,BRAF,V600E,COAD,3,oncokb,oncokb_civic.Selumetinib
TCGA-AA-3821,BRAF,V600E,COAD,3,oncokb,oncokb_civic.Vemurafenib_Atezolizumab_Cobimetinib
TCGA-AA-3821,BRAF,V600E,COAD,3,oncokb,oncokb_civic.Trametinib
TCGA-AA-3821,BRAF,V600E,COAD,3,oncokb,oncokb_civic.Vemurafenib_Cobimetinib
TCGA-AA-3821,BRAF,V600E,COAD,3,oncokb,oncokb_civic.Encorafenib_Binimetinib
TCGA-AA-3821,PIK3CA,H1047L,COAD,3,oncokb,oncokb_civic.Alpelisib_Fulvestrant
TCGA-AA-3821,PIK3CA,M1043I,COAD,3,oncokb,oncokb_civic.Alpelisib_Fulvestrant
TCGA-AA-3833,BRAF,V600E,COAD,1,oncokb,oncokb_civic.Encorafenib_Cetuximab
TCGA-AA-3833,BRAF,V600E,COAD,2,oncokb,oncokb_civic.Encorafenib_Panitumumab
TCGA-AA-3833,BRAF,V600E,COAD,3,oncokb,oncokb_civic.Vemurafenib
TCGA-AA-3833,BRAF,V600E,COAD,3,oncokb,oncokb_civic.Dabrafenib
TCGA-AA-3833,BRAF,V600E,COAD,3,oncokb,oncokb_civic.Dabrafenib_Trametinib
TCGA-AA-3833,BRAF,V600E,COAD,3,oncokb,oncokb_civic.Selumetinib
TCGA-AA-3833,BRAF,V600E,COAD,3,oncokb,oncokb_civic.Vemurafenib_Atezolizumab_Cobimetinib
TCGA-AA-3833,BRAF,V600E,COAD,3,oncokb,oncokb_civic.Trametinib
TCGA-AA-3833,BRAF,V600E,COAD,3,oncokb,oncokb_civic.Vemurafenib_Cobimetinib
TCGA-AA-3833,BRAF,V600E,COAD,3,oncokb,oncokb_civic.Encorafenib_Binimetinib
TCGA-AA-3837,KRAS,G12V,COAD,R1,oncokb,oncokb_civic.Cetuximab
TCGA-AA-3837,KRAS,G12V,COAD,R1,oncokb,oncokb_civic.Panitumumab
TCGA-AA-3837,PIK3CA,N345K,COAD,3,oncokb,oncokb_civic.Alpelisib_Fulvestrant
TCGA-AA-3837,PIK3CA,R88Q,COAD,3,oncokb,oncokb_civic.Alpelisib_Fulvestrant
TCGA-AA-3844,KRAS,G12V,COAD,R1,oncokb,oncokb_civic.Cetuximab
TCGA-AA-3844,KRAS,G12V,COAD,R1,oncokb,oncokb_civic.Panitumumab
TCGA-AA-3845,KRAS,Q61K,COAD,R1,oncokb,oncokb_civic.Cetuximab
TCGA-AA-3845,KRAS,Q61K,COAD,R1,oncokb,oncokb_civic.Panitumumab
TCGA-AA-3848,KRAS,G12D,COAD,R1,oncokb,oncokb_civic.Cetuximab
TCGA-AA-3848,KRAS,G12D,COAD,R1,oncokb,oncokb_civic.Panitumumab
TCGA-AA-3848,PIK3CA,D350G,COAD,3,oncokb,oncokb_civic.Alpelisib_Fulvestrant
TCGA-AA-3848,PIK3CA,R88Q,COAD,3,oncokb,oncokb_civic.Alpelisib_Fulvestrant
TCGA-AA-3850,NRAS,G12A,COAD,3,oncokb,oncokb_civic.Binimetinib
TCGA-AA-3850,NRAS,G12A,COAD,R1,oncokb,oncokb_civic.Cetuximab
TCGA-AA-3850,NRAS,G12A,COAD,R1,oncokb,oncokb_civic.Panitumumab
TCGA-AA-3850,PIK3CA,E542K,COAD,3,oncokb,oncokb_civic.Alpelisib_Fulvestrant
TCGA-AA-3851,KRAS,G12D,COAD,R1,oncokb,oncokb_civic.Cetuximab
TCGA-AA-3851,KRAS,G12D,COAD,R1,oncokb,oncokb_civic.Panitumumab
TCGA-AA-3852,KRAS,G12A,COAD,R1,oncokb,oncokb_civic.Cetuximab
TCGA-AA-3852,KRAS,G12A,COAD,R1,oncokb,oncokb_civic.Panitumumab
TCGA-AA-3852,PIK3CA,E545Q,COAD,3,oncokb,oncokb_civic.Alpelisib_Fulvestrant
TCGA-AA-3852,PIK3CA,G106R,COAD,3,oncokb,oncokb_civic.Alpelisib_Fulvestrant
TCGA-AA-3854,ATM,X1773_splice,COAD,3,oncokb,oncokb_civic.Olaparib
TCGA-AA-3860,ATM,E1822,COAD,3,oncokb,oncokb_civic.Olaparib
TCGA-AA-3861,KRAS,G12D,COAD,R1,oncokb,oncokb_civic.Cetuximab
TCGA-AA-3861,KRAS,G12D,COAD,R1,oncokb,oncokb_civic.Panitumumab
TCGA-AA-3861,PIK3CA,H1047R,COAD,3,oncokb,oncokb_civic.Alpelisib_Fulvestrant
TCGA-AA-3862,KRAS,G12V,COAD,R1,oncokb,oncokb_civic.Cetuximab
TCGA-AA-3862,KRAS,G12V,COAD,R1,oncokb,oncokb_civic.Panitumumab
TCGA-AA-3864,PALB2,E1010,COAD,3,oncokb,oncokb_civic.Olaparib
TCGA-AA-3864,KRAS,G12D,COAD,R1,oncokb,oncokb_civic.Cetuximab
TCGA-AA-3864,KRAS,G12D,COAD,R1,oncokb,oncokb_civic.Panitumumab
TCGA-AA-3864,PIK3CA,R88Q,COAD,3,oncokb,oncokb_civic.Alpelisib_Fulvestrant
TCGA-AA-3866,PIK3CA,G364R,COAD,3,oncokb,oncokb_civic.Alpelisib_Fulvestrant
TCGA-AA-3867,MAP2K1,F53L,COAD,3,oncokb,oncokb_civic.Trametinib
TCGA-AA-3867,MAP2K1,F53L,COAD,3,oncokb,oncokb_civic.Cobimetinib
TCGA-AA-3877,BRAF,V600E,COAD,1,oncokb,oncokb_civic.Encorafenib_Cetuximab
TCGA-AA-3877,BRAF,V600E,COAD,2,oncokb,oncokb_civic.Encorafenib_Panitumumab
TCGA-AA-3877,BRAF,V600E,COAD,3,oncokb,oncokb_civic.Vemurafenib
TCGA-AA-3877,BRAF,V600E,COAD,3,oncokb,oncokb_civic.Dabrafenib
TCGA-AA-3877,BRAF,V600E,COAD,3,oncokb,oncokb_civic.Dabrafenib_Trametinib
TCGA-AA-3877,BRAF,V600E,COAD,3,oncokb,oncokb_civic.Selumetinib
TCGA-AA-3877,BRAF,V600E,COAD,3,oncokb,oncokb_civic.Vemurafenib_Atezolizumab_Cobimetinib
TCGA-AA-3877,BRAF,V600E,COAD,3,oncokb,oncokb_civic.Trametinib
TCGA-AA-3877,BRAF,V600E,COAD,3,oncokb,oncokb_civic.Vemurafenib_Cobimetinib
TCGA-AA-3877,BRAF,V600E,COAD,3,oncokb,oncokb_civic.Encorafenib_Binimetinib
TCGA-AA-3877,PIK3CA,H1047R,COAD,3,oncokb,oncokb_civic.Alpelisib_Fulvestrant
TCGA-AA-3947,BRAF,V600E,COAD,1,oncokb,oncokb_civic.Encorafenib_Cetuximab
TCGA-AA-3947,BRAF,V600E,COAD,2,oncokb,oncokb_civic.Encorafenib_Panitumumab
TCGA-AA-3947,BRAF,V600E,COAD,3,oncokb,oncokb_civic.Vemurafenib
TCGA-AA-3947,BRAF,V600E,COAD,3,oncokb,oncokb_civic.Dabrafenib
TCGA-AA-3947,BRAF,V600E,COAD,3,oncokb,oncokb_civic.Dabrafenib_Trametinib
TCGA-AA-3947,BRAF,V600E,COAD,3,oncokb,oncokb_civic.Selumetinib
TCGA-AA-3947,BRAF,V600E,COAD,3,oncokb,oncokb_civic.Vemurafenib_Atezolizumab_Cobimetinib
TCGA-AA-3947,BRAF,V600E,COAD,3,oncokb,oncokb_civic.Trametinib
TCGA-AA-3947,BRAF,V600E,COAD,3,oncokb,oncokb_civic.Vemurafenib_Cobimetinib
TCGA-AA-3947,BRAF,V600E,COAD,3,oncokb,oncokb_civic.Encorafenib_Binimetinib
TCGA-AA-3947,PIK3CA,H1047R,COAD,3,oncokb,oncokb_civic.Alpelisib_Fulvestrant
TCGA-AA-3947,RET,E511K,COAD,3,oncokb,oncokb_civic.Pralsetinib
TCGA-AA-3947,RET,E511K,COAD,3,oncokb,oncokb_civic.Selpercatinib
TCGA-AA-3949,BRAF,V600E,COAD,1,oncokb,oncokb_civic.Encorafenib_Cetuximab
TCGA-AA-3949,BRAF,V600E,COAD,2,oncokb,oncokb_civic.Encorafenib_Panitumumab
TCGA-AA-3949,BRAF,V600E,COAD,3,oncokb,oncokb_civic.Vemurafenib
TCGA-AA-3949,BRAF,V600E,COAD,3,oncokb,oncokb_civic.Dabrafenib
TCGA-AA-3949,BRAF,V600E,COAD,3,oncokb,oncokb_civic.Dabrafenib_Trametinib
TCGA-AA-3949,BRAF,V600E,COAD,3,oncokb,oncokb_civic.Selumetinib
TCGA-AA-3949,BRAF,V600E,COAD,3,oncokb,oncokb_civic.Vemurafenib_Atezolizumab_Cobimetinib
TCGA-AA-3949,BRAF,V600E,COAD,3,oncokb,oncokb_civic.Trametinib
TCGA-AA-3949,BRAF,V600E,COAD,3,oncokb,oncokb_civic.Vemurafenib_Cobimetinib
TCGA-AA-3949,BRAF,V600E,COAD,3,oncokb,oncokb_civic.Encorafenib_Binimetinib
TCGA-AA-3966,BRAF,V600E,COAD,1,oncokb,oncokb_civic.Encorafenib_Cetuximab
TCGA-AA-3966,BRAF,V600E,COAD,2,oncokb,oncokb_civic.Encorafenib_Panitumumab
TCGA-AA-3966,BRAF,V600E,COAD,3,oncokb,oncokb_civic.Vemurafenib
TCGA-AA-3966,BRAF,V600E,COAD,3,oncokb,oncokb_civic.Dabrafenib
TCGA-AA-3966,BRAF,V600E,COAD,3,oncokb,oncokb_civic.Dabrafenib_Trametinib
TCGA-AA-3966,BRAF,V600E,COAD,3,oncokb,oncokb_civic.Selumetinib
TCGA-AA-3966,BRAF,V600E,COAD,3,oncokb,oncokb_civic.Vemurafenib_Atezolizumab_Cobimetinib
TCGA-AA-3966,BRAF,V600E,COAD,3,oncokb,oncokb_civic.Trametinib
TCGA-AA-3966,BRAF,V600E,COAD,3,oncokb,oncokb_civic.Vemurafenib_Cobimetinib
TCGA-AA-3966,BRAF,V600E,COAD,3,oncokb,oncokb_civic.Encorafenib_Binimetinib
TCGA-AA-3973,NRAS,G12D,COAD,3,oncokb,oncokb_civic.Binimetinib
TCGA-AA-3973,NRAS,G12D,COAD,R1,oncokb,oncokb_civic.Cetuximab
TCGA-AA-3973,NRAS,G12D,COAD,R1,oncokb,oncokb_civic.Panitumumab
TCGA-AA-3976,NRAS,Q61K,COAD,3,oncokb,oncokb_civic.Binimetinib
TCGA-AA-3976,NRAS,Q61K,COAD,R1,oncokb,oncokb_civic.Cetuximab
TCGA-AA-3976,NRAS,Q61K,COAD,R1,oncokb,oncokb_civic.Panitumumab
TCGA-AA-3977,KRAS,K117N,COAD,R1,oncokb,oncokb_civic.Cetuximab
TCGA-AA-3977,KRAS,K117N,COAD,R1,oncokb,oncokb_civic.Panitumumab
TCGA-AA-3979,KRAS,A146T,COAD,R1,oncokb,oncokb_civic.Cetuximab
TCGA-AA-3979,KRAS,A146T,COAD,R1,oncokb,oncokb_civic.Panitumumab
TCGA-AA-3984,CDK12,R890H,COAD,3,oncokb,oncokb_civic.Olaparib
TCGA-AA-3984,PIK3CA,E970K,COAD,3,oncokb,oncokb_civic.Alpelisib_Fulvestrant
TCGA-AA-3984,PIK3CA,R357Q,COAD,3,oncokb,oncokb_civic.Alpelisib_Fulvestrant
TCGA-AA-3984,BRCA1,S1524,COAD,3,oncokb,oncokb_civic.Olaparib
TCGA-AA-3984,BRCA1,S1524,COAD,3,oncokb,oncokb_civic.Talazoparib
TCGA-AA-3984,BRCA1,S1524,COAD,3,oncokb,oncokb_civic.Olaparib_Bevacizumab
TCGA-AA-3984,BRCA1,S1524,COAD,3,oncokb,oncokb_civic.Rucaparib
TCGA-AA-3984,BRCA1,S1524,COAD,3,oncokb,oncokb_civic.Niraparib
TCGA-AA-3986,KRAS,A146T,COAD,R1,oncokb,oncokb_civic.Cetuximab
TCGA-AA-3986,KRAS,A146T,COAD,R1,oncokb,oncokb_civic.Panitumumab
TCGA-AA-3994,ERBB2,V777L,COAD,3,oncokb,oncokb_civic.Ado-Trastuzumab_Emtansine
TCGA-AA-3994,ERBB2,V777L,COAD,3,oncokb,oncokb_civic.Neratinib
TCGA-AA-3994,ERBB2,V777L,COAD,3,oncokb,oncokb_civic.Trastuzumab_Deruxtecan
TCGA-AA-3994,ERBB2,V777L,COAD,3,oncokb,oncokb_civic.Trastuzumab_Pertuzumab_Docetaxel
TCGA-AA-3994,ERBB2,V842I,COAD,3,oncokb,oncokb_civic.Ado-Trastuzumab_Emtansine
TCGA-AA-3994,ERBB2,V842I,COAD,3,oncokb,oncokb_civic.Neratinib
TCGA-AA-3994,ERBB2,V842I,COAD,3,oncokb,oncokb_civic.Trastuzumab_Deruxtecan
TCGA-AA-3994,ERBB2,V842I,COAD,3,oncokb,oncokb_civic.Trastuzumab_Pertuzumab_Docetaxel
TCGA-AA-A00N,KRAS,G13D,COAD,R1,oncokb,oncokb_civic.Cetuximab
TCGA-AA-A00N,KRAS,G13D,COAD,R1,oncokb,oncokb_civic.Panitumumab
TCGA-AA-A00N,PIK3CA,R357Q,COAD,3,oncokb,oncokb_civic.Alpelisib_Fulvestrant
TCGA-AA-A00N,ATM,R1730,COAD,3,oncokb,oncokb_civic.Olaparib
TCGA-AA-A010,ATM,R250,COAD,3,oncokb,oncokb_civic.Olaparib
TCGA-AA-A010,BRCA2,Y2997,COAD,3,oncokb,oncokb_civic.Olaparib
TCGA-AA-A010,BRCA2,Y2997,COAD,3,oncokb,oncokb_civic.Talazoparib
TCGA-AA-A010,BRCA2,Y2997,COAD,3,oncokb,oncokb_civic.Olaparib_Bevacizumab
TCGA-AA-A010,BRCA2,Y2997,COAD,3,oncokb,oncokb_civic.Rucaparib
TCGA-AA-A010,BRCA2,Y2997,COAD,3,oncokb,oncokb_civic.Niraparib
TCGA-AA-A01C,PIK3CA,E545K,COAD,3,oncokb,oncokb_civic.Alpelisib_Fulvestrant
TCGA-AA-A01I,KRAS,G12V,COAD,R1,oncokb,oncokb_civic.Cetuximab
TCGA-AA-A01I,KRAS,G12V,COAD,R1,oncokb,oncokb_civic.Panitumumab
TCGA-AA-A01I,PIK3CA,Q546K,COAD,3,oncokb,oncokb_civic.Alpelisib_Fulvestrant
TCGA-AA-A01P,PIK3CA,E110del,COAD,3,oncokb,oncokb_civic.Alpelisib_Fulvestrant
TCGA-AA-A01P,BRAF,V600E,COAD,1,oncokb,oncokb_civic.Encorafenib_Cetuximab
TCGA-AA-A01P,BRAF,V600E,COAD,2,oncokb,oncokb_civic.Encorafenib_Panitumumab
TCGA-AA-A01P,BRAF,V600E,COAD,3,oncokb,oncokb_civic.Vemurafenib
TCGA-AA-A01P,BRAF,V600E,COAD,3,oncokb,oncokb_civic.Dabrafenib
TCGA-AA-A01P,BRAF,V600E,COAD,3,oncokb,oncokb_civic.Dabrafenib_Trametinib
TCGA-AA-A01P,BRAF,V600E,COAD,3,oncokb,oncokb_civic.Selumetinib
TCGA-AA-A01P,BRAF,V600E,COAD,3,oncokb,oncokb_civic.Vemurafenib_Atezolizumab_Cobimetinib
TCGA-AA-A01P,BRAF,V600E,COAD,3,oncokb,oncokb_civic.Trametinib
TCGA-AA-A01P,BRAF,V600E,COAD,3,oncokb,oncokb_civic.Vemurafenib_Cobimetinib
TCGA-AA-A01P,BRAF,V600E,COAD,3,oncokb,oncokb_civic.Encorafenib_Binimetinib
TCGA-AA-A01R,KRAS,G13D,COAD,R1,oncokb,oncokb_civic.Cetuximab
TCGA-AA-A01R,KRAS,G13D,COAD,R1,oncokb,oncokb_civic.Panitumumab
TCGA-AA-A01V,NRAS,G12C,COAD,3,oncokb,oncokb_civic.Binimetinib
TCGA-AA-A01V,NRAS,G12C,COAD,R1,oncokb,oncokb_civic.Cetuximab
TCGA-AA-A01V,NRAS,G12C,COAD,R1,oncokb,oncokb_civic.Panitumumab
TCGA-AA-A01V,PIK3CA,T1052K,COAD,3,oncokb,oncokb_civic.Alpelisib_Fulvestrant
TCGA-AA-A01X,KRAS,G12V,COAD,R1,oncokb,oncokb_civic.Cetuximab
TCGA-AA-A01X,KRAS,G12V,COAD,R1,oncokb,oncokb_civic.Panitumumab
TCGA-AA-A01Z,KRAS,G12D,COAD,R1,oncokb,oncokb_civic.Cetuximab
TCGA-AA-A01Z,KRAS,G12D,COAD,R1,oncokb,oncokb_civic.Panitumumab
TCGA-AA-A022,BRAF,V600E,COAD,1,oncokb,oncokb_civic.Encorafenib_Cetuximab
TCGA-AA-A022,BRAF,V600E,COAD,2,oncokb,oncokb_civic.Encorafenib_Panitumumab
TCGA-AA-A022,BRAF,V600E,COAD,3,oncokb,oncokb_civic.Vemurafenib
TCGA-AA-A022,BRAF,V600E,COAD,3,oncokb,oncokb_civic.Dabrafenib
TCGA-AA-A022,BRAF,V600E,COAD,3,oncokb,oncokb_civic.Dabrafenib_Trametinib
TCGA-AA-A022,BRAF,V600E,COAD,3,oncokb,oncokb_civic.Selumetinib
TCGA-AA-A022,BRAF,V600E,COAD,3,oncokb,oncokb_civic.Vemurafenib_Atezolizumab_Cobimetinib
TCGA-AA-A022,BRAF,V600E,COAD,3,oncokb,oncokb_civic.Trametinib
TCGA-AA-A022,BRAF,V600E,COAD,3,oncokb,oncokb_civic.Vemurafenib_Cobimetinib
TCGA-AA-A022,BRAF,V600E,COAD,3,oncokb,oncokb_civic.Encorafenib_Binimetinib
TCGA-AA-A024,NRAS,G13R,COAD,3,oncokb,oncokb_civic.Binimetinib
TCGA-AA-A024,NRAS,G13R,COAD,R1,oncokb,oncokb_civic.Cetuximab
TCGA-AA-A024,NRAS,G13R,COAD,R1,oncokb,oncokb_civic.Panitumumab
TCGA-AA-A02E,PIK3CA,E545K,COAD,3,oncokb,oncokb_civic.Alpelisib_Fulvestrant
TCGA-AA-A02F,NRAS,G13R,COAD,3,oncokb,oncokb_civic.Binimetinib
TCGA-AA-A02F,NRAS,G13R,COAD,R1,oncokb,oncokb_civic.Cetuximab
TCGA-AA-A02F,NRAS,G13R,COAD,R1,oncokb,oncokb_civic.Panitumumab
TCGA-AA-A02K,KRAS,G12A,COAD,R1,oncokb,oncokb_civic.Cetuximab
TCGA-AA-A02K,KRAS,G12A,COAD,R1,oncokb,oncokb_civic.Panitumumab
TCGA-AA-A02O,KRAS,G12D,COAD,R1,oncokb,oncokb_civic.Cetuximab
TCGA-AA-A02O,KRAS,G12D,COAD,R1,oncokb,oncokb_civic.Panitumumab
TCGA-AA-A02O,PIK3CA,E545K,COAD,3,oncokb,oncokb_civic.Alpelisib_Fulvestrant
TCGA-AA-A02R,BRAF,V600E,COAD,1,oncokb,oncokb_civic.Encorafenib_Cetuximab
TCGA-AA-A02R,BRAF,V600E,COAD,2,oncokb,oncokb_civic.Encorafenib_Panitumumab
TCGA-AA-A02R,BRAF,V600E,COAD,3,oncokb,oncokb_civic.Vemurafenib
TCGA-AA-A02R,BRAF,V600E,COAD,3,oncokb,oncokb_civic.Dabrafenib
TCGA-AA-A02R,BRAF,V600E,COAD,3,oncokb,oncokb_civic.Dabrafenib_Trametinib
TCGA-AA-A02R,BRAF,V600E,COAD,3,oncokb,oncokb_civic.Selumetinib
TCGA-AA-A02R,BRAF,V600E,COAD,3,oncokb,oncokb_civic.Vemurafenib_Atezolizumab_Cobimetinib
TCGA-AA-A02R,BRAF,V600E,COAD,3,oncokb,oncokb_civic.Trametinib
TCGA-AA-A02R,BRAF,V600E,COAD,3,oncokb,oncokb_civic.Vemurafenib_Cobimetinib
TCGA-AA-A02R,BRAF,V600E,COAD,3,oncokb,oncokb_civic.Encorafenib_Binimetinib
TCGA-AA-A02Y,KRAS,G12V,COAD,R1,oncokb,oncokb_civic.Cetuximab
TCGA-AA-A02Y,KRAS,G12V,COAD,R1,oncokb,oncokb_civic.Panitumumab
TCGA-AA-A02Y,PIK3CA,E545K,COAD,3,oncokb,oncokb_civic.Alpelisib_Fulvestrant
TCGA-AA-A03F,KRAS,G12D,COAD,R1,oncokb,oncokb_civic.Cetuximab
TCGA-AA-A03F,KRAS,G12D,COAD,R1,oncokb,oncokb_civic.Panitumumab
TCGA-AA-A03F,PIK3CA,E545K,COAD,3,oncokb,oncokb_civic.Alpelisib_Fulvestrant
TCGA-AA-A03J,KRAS,G12C,COAD,3,oncokb,oncokb_civic.Adagrasib
TCGA-AA-A03J,KRAS,G12C,COAD,3,oncokb,oncokb_civic.Sotorasib
TCGA-AA-A03J,KRAS,G12C,COAD,3,oncokb,oncokb_civic.Adagrasib_Cetuximab
TCGA-AA-A03J,KRAS,G12C,COAD,R1,oncokb,oncokb_civic.Cetuximab
TCGA-AA-A03J,KRAS,G12C,COAD,R1,oncokb,oncokb_civic.Panitumumab
TCGA-AA-A03J,PIK3CA,E545K,COAD,3,oncokb,oncokb_civic.Alpelisib_Fulvestrant
TCGA-AD-5900,TSC1,L203Cfs7,COAD,3,oncokb,oncokb_civic.Everolimus
TCGA-AD-5900,BRAF,V600E,COAD,1,oncokb,oncokb_civic.Encorafenib_Cetuximab
TCGA-AD-5900,BRAF,V600E,COAD,2,oncokb,oncokb_civic.Encorafenib_Panitumumab
TCGA-AD-5900,BRAF,V600E,COAD,3,oncokb,oncokb_civic.Vemurafenib
TCGA-AD-5900,BRAF,V600E,COAD,3,oncokb,oncokb_civic.Dabrafenib
TCGA-AD-5900,BRAF,V600E,COAD,3,oncokb,oncokb_civic.Dabrafenib_Trametinib
TCGA-AD-5900,BRAF,V600E,COAD,3,oncokb,oncokb_civic.Selumetinib
TCGA-AD-5900,BRAF,V600E,COAD,3,oncokb,oncokb_civic.Vemurafenib_Atezolizumab_Cobimetinib
TCGA-AD-5900,BRAF,V600E,COAD,3,oncokb,oncokb_civic.Trametinib
TCGA-AD-5900,BRAF,V600E,COAD,3,oncokb,oncokb_civic.Vemurafenib_Cobimetinib
TCGA-AD-5900,BRAF,V600E,COAD,3,oncokb,oncokb_civic.Encorafenib_Binimetinib
TCGA-AD-5900,PIK3CA,R38C,COAD,3,oncokb,oncokb_civic.Alpelisib_Fulvestrant
TCGA-AD-6548,KRAS,G13D,COAD,R1,oncokb,oncokb_civic.Cetuximab
TCGA-AD-6548,KRAS,G13D,COAD,R1,oncokb,oncokb_civic.Panitumumab
TCGA-AD-6888,ERBB2,V777L,COAD,3,oncokb,oncokb_civic.Ado-Trastuzumab_Emtansine
TCGA-AD-6888,ERBB2,V777L,COAD,3,oncokb,oncokb_civic.Neratinib
TCGA-AD-6888,ERBB2,V777L,COAD,3,oncokb,oncokb_civic.Trastuzumab_Deruxtecan
TCGA-AD-6888,ERBB2,V777L,COAD,3,oncokb,oncokb_civic.Trastuzumab_Pertuzumab_Docetaxel
TCGA-AD-6889,ATM,L2231Wfs4,COAD,3,oncokb,oncokb_civic.Olaparib
TCGA-AD-6889,BRAF,V600E,COAD,1,oncokb,oncokb_civic.Encorafenib_Cetuximab
TCGA-AD-6889,BRAF,V600E,COAD,2,oncokb,oncokb_civic.Encorafenib_Panitumumab
TCGA-AD-6889,BRAF,V600E,COAD,3,oncokb,oncokb_civic.Vemurafenib
TCGA-AD-6889,BRAF,V600E,COAD,3,oncokb,oncokb_civic.Dabrafenib
TCGA-AD-6889,BRAF,V600E,COAD,3,oncokb,oncokb_civic.Dabrafenib_Trametinib
TCGA-AD-6889,BRAF,V600E,COAD,3,oncokb,oncokb_civic.Selumetinib
TCGA-AD-6889,BRAF,V600E,COAD,3,oncokb,oncokb_civic.Vemurafenib_Atezolizumab_Cobimetinib
TCGA-AD-6889,BRAF,V600E,COAD,3,oncokb,oncokb_civic.Trametinib
TCGA-AD-6889,BRAF,V600E,COAD,3,oncokb,oncokb_civic.Vemurafenib_Cobimetinib
TCGA-AD-6889,BRAF,V600E,COAD,3,oncokb,oncokb_civic.Encorafenib_Binimetinib
TCGA-AD-6890,PIK3CA,E545K,COAD,3,oncokb,oncokb_civic.Alpelisib_Fulvestrant
TCGA-AD-6895,BARD1,K208Rfs4,COAD,3,oncokb,oncokb_civic.Olaparib
TCGA-AD-6895,KRAS,Q61K,COAD,R1,oncokb,oncokb_civic.Cetuximab
TCGA-AD-6895,KRAS,Q61K,COAD,R1,oncokb,oncokb_civic.Panitumumab
TCGA-AD-6899,PIK3CA,E542K,COAD,3,oncokb,oncokb_civic.Alpelisib_Fulvestrant
TCGA-AD-6901,KRAS,G12A,COAD,R1,oncokb,oncokb_civic.Cetuximab
TCGA-AD-6901,KRAS,G12A,COAD,R1,oncokb,oncokb_civic.Panitumumab
TCGA-AD-6965,KRAS,G12A,COAD,R1,oncokb,oncokb_civic.Cetuximab
TCGA-AD-6965,KRAS,G12A,COAD,R1,oncokb,oncokb_civic.Panitumumab
TCGA-AD-6965,PIK3CA,C420R,COAD,3,oncokb,oncokb_civic.Alpelisib_Fulvestrant
TCGA-AD-A5EJ,TSC1,L463,COAD,3,oncokb,oncokb_civic.Everolimus
TCGA-AD-A5EJ,BRCA2,E3316Rfs11,COAD,3,oncokb,oncokb_civic.Olaparib
TCGA-AD-A5EJ,BRCA2,E3316Rfs11,COAD,3,oncokb,oncokb_civic.Talazoparib
TCGA-AD-A5EJ,BRCA2,E3316Rfs11,COAD,3,oncokb,oncokb_civic.Olaparib_Bevacizumab
TCGA-AD-A5EJ,BRCA2,E3316Rfs11,COAD,3,oncokb,oncokb_civic.Rucaparib
TCGA-AD-A5EJ,BRCA2,E3316Rfs11,COAD,3,oncokb,oncokb_civic.Niraparib
TCGA-AD-A5EJ,BRAF,V600E,COAD,1,oncokb,oncokb_civic.Encorafenib_Cetuximab
TCGA-AD-A5EJ,BRAF,V600E,COAD,2,oncokb,oncokb_civic.Encorafenib_Panitumumab
TCGA-AD-A5EJ,BRAF,V600E,COAD,3,oncokb,oncokb_civic.Vemurafenib
TCGA-AD-A5EJ,BRAF,V600E,COAD,3,oncokb,oncokb_civic.Dabrafenib
TCGA-AD-A5EJ,BRAF,V600E,COAD,3,oncokb,oncokb_civic.Dabrafenib_Trametinib
TCGA-AD-A5EJ,BRAF,V600E,COAD,3,oncokb,oncokb_civic.Selumetinib
TCGA-AD-A5EJ,BRAF,V600E,COAD,3,oncokb,oncokb_civic.Vemurafenib_Atezolizumab_Cobimetinib
TCGA-AD-A5EJ,BRAF,V600E,COAD,3,oncokb,oncokb_civic.Trametinib
TCGA-AD-A5EJ,BRAF,V600E,COAD,3,oncokb,oncokb_civic.Vemurafenib_Cobimetinib
TCGA-AD-A5EJ,BRAF,V600E,COAD,3,oncokb,oncokb_civic.Encorafenib_Binimetinib
TCGA-AD-A5EJ,PIK3CA,H1047R,COAD,3,oncokb,oncokb_civic.Alpelisib_Fulvestrant
TCGA-AD-A5EK,KRAS,G12D,COAD,R1,oncokb,oncokb_civic.Cetuximab
TCGA-AD-A5EK,KRAS,G12D,COAD,R1,oncokb,oncokb_civic.Panitumumab
TCGA-AM-5820,KRAS,G12V,COAD,R1,oncokb,oncokb_civic.Cetuximab
TCGA-AM-5820,KRAS,G12V,COAD,R1,oncokb,oncokb_civic.Panitumumab
TCGA-AM-5821,ATM,I1581Sfs20,COAD,3,oncokb,oncokb_civic.Olaparib
TCGA-AM-5821,CDK12,P1267Lfs27,COAD,3,oncokb,oncokb_civic.Olaparib
TCGA-AM-5821,ATM,R337C,COAD,3,oncokb,oncokb_civic.Olaparib
TCGA-AM-5821,BRAF,V600E,COAD,1,oncokb,oncokb_civic.Encorafenib_Cetuximab
TCGA-AM-5821,BRAF,V600E,COAD,2,oncokb,oncokb_civic.Encorafenib_Panitumumab
TCGA-AM-5821,BRAF,V600E,COAD,3,oncokb,oncokb_civic.Vemurafenib
TCGA-AM-5821,BRAF,V600E,COAD,3,oncokb,oncokb_civic.Dabrafenib
TCGA-AM-5821,BRAF,V600E,COAD,3,oncokb,oncokb_civic.Dabrafenib_Trametinib
TCGA-AM-5821,BRAF,V600E,COAD,3,oncokb,oncokb_civic.Selumetinib
TCGA-AM-5821,BRAF,V600E,COAD,3,oncokb,oncokb_civic.Vemurafenib_Atezolizumab_Cobimetinib
TCGA-AM-5821,BRAF,V600E,COAD,3,oncokb,oncokb_civic.Trametinib
TCGA-AM-5821,BRAF,V600E,COAD,3,oncokb,oncokb_civic.Vemurafenib_Cobimetinib
TCGA-AM-5821,BRAF,V600E,COAD,3,oncokb,oncokb_civic.Encorafenib_Binimetinib
TCGA-AM-5821,MAP2K1,G128D,COAD,3,oncokb,oncokb_civic.Trametinib
TCGA-AM-5821,MAP2K1,G128D,COAD,3,oncokb,oncokb_civic.Cobimetinib
TCGA-AM-5821,PIK3CA,H1047R,COAD,3,oncokb,oncokb_civic.Alpelisib_Fulvestrant
TCGA-AU-6004,BRAF,V600E,COAD,1,oncokb,oncokb_civic.Encorafenib_Cetuximab
TCGA-AU-6004,BRAF,V600E,COAD,2,oncokb,oncokb_civic.Encorafenib_Panitumumab
TCGA-AU-6004,BRAF,V600E,COAD,3,oncokb,oncokb_civic.Vemurafenib
TCGA-AU-6004,BRAF,V600E,COAD,3,oncokb,oncokb_civic.Dabrafenib
TCGA-AU-6004,BRAF,V600E,COAD,3,oncokb,oncokb_civic.Dabrafenib_Trametinib
TCGA-AU-6004,BRAF,V600E,COAD,3,oncokb,oncokb_civic.Selumetinib
TCGA-AU-6004,BRAF,V600E,COAD,3,oncokb,oncokb_civic.Vemurafenib_Atezolizumab_Cobimetinib
TCGA-AU-6004,BRAF,V600E,COAD,3,oncokb,oncokb_civic.Trametinib
TCGA-AU-6004,BRAF,V600E,COAD,3,oncokb,oncokb_civic.Vemurafenib_Cobimetinib
TCGA-AU-6004,BRAF,V600E,COAD,3,oncokb,oncokb_civic.Encorafenib_Binimetinib
TCGA-AU-6004,PIK3CA,H1047R,COAD,3,oncokb,oncokb_civic.Alpelisib_Fulvestrant
TCGA-AY-4071,MAP2K1,D67N,COAD,3,oncokb,oncokb_civic.Trametinib
TCGA-AY-4071,MAP2K1,D67N,COAD,3,oncokb,oncokb_civic.Cobimetinib
TCGA-AY-5543,KRAS,G13D,COAD,R1,oncokb,oncokb_civic.Cetuximab
TCGA-AY-5543,KRAS,G13D,COAD,R1,oncokb,oncokb_civic.Panitumumab
TCGA-AY-5543,PIK3CA,E545K,COAD,3,oncokb,oncokb_civic.Alpelisib_Fulvestrant
TCGA-AY-6196,BRAF,V600E,COAD,1,oncokb,oncokb_civic.Encorafenib_Cetuximab
TCGA-AY-6196,BRAF,V600E,COAD,2,oncokb,oncokb_civic.Encorafenib_Panitumumab
TCGA-AY-6196,BRAF,V600E,COAD,3,oncokb,oncokb_civic.Vemurafenib
TCGA-AY-6196,BRAF,V600E,COAD,3,oncokb,oncokb_civic.Dabrafenib
TCGA-AY-6196,BRAF,V600E,COAD,3,oncokb,oncokb_civic.Dabrafenib_Trametinib
TCGA-AY-6196,BRAF,V600E,COAD,3,oncokb,oncokb_civic.Selumetinib
TCGA-AY-6196,BRAF,V600E,COAD,3,oncokb,oncokb_civic.Vemurafenib_Atezolizumab_Cobimetinib
TCGA-AY-6196,BRAF,V600E,COAD,3,oncokb,oncokb_civic.Trametinib
TCGA-AY-6196,BRAF,V600E,COAD,3,oncokb,oncokb_civic.Vemurafenib_Cobimetinib
TCGA-AY-6196,BRAF,V600E,COAD,3,oncokb,oncokb_civic.Encorafenib_Binimetinib
TCGA-AY-6386,KRAS,G12D,COAD,R1,oncokb,oncokb_civic.Cetuximab
TCGA-AY-6386,KRAS,G12D,COAD,R1,oncokb,oncokb_civic.Panitumumab
TCGA-AY-6386,PIK3CA,E542K,COAD,3,oncokb,oncokb_civic.Alpelisib_Fulvestrant
TCGA-AY-A54L,KRAS,G12C,COAD,3,oncokb,oncokb_civic.Adagrasib
TCGA-AY-A54L,KRAS,G12C,COAD,3,oncokb,oncokb_civic.Sotorasib
TCGA-AY-A54L,KRAS,G12C,COAD,3,oncokb,oncokb_civic.Adagrasib_Cetuximab
TCGA-AY-A54L,KRAS,G12C,COAD,R1,oncokb,oncokb_civic.Cetuximab
TCGA-AY-A54L,KRAS,G12C,COAD,R1,oncokb,oncokb_civic.Panitumumab
TCGA-AY-A69D,KRAS,G12S,COAD,R1,oncokb,oncokb_civic.Cetuximab
TCGA-AY-A69D,KRAS,G12S,COAD,R1,oncokb,oncokb_civic.Panitumumab
TCGA-AY-A69D,PIK3CA,C420R,COAD,3,oncokb,oncokb_civic.Alpelisib_Fulvestrant
TCGA-AY-A71X,KRAS,G12V,COAD,R1,oncokb,oncokb_civic.Cetuximab
TCGA-AY-A71X,KRAS,G12V,COAD,R1,oncokb,oncokb_civic.Panitumumab
TCGA-AZ-4315,KRAS,A146T,COAD,R1,oncokb,oncokb_civic.Cetuximab
TCGA-AZ-4315,KRAS,A146T,COAD,R1,oncokb,oncokb_civic.Panitumumab
TCGA-AZ-4315,PIK3CA,R88Q,COAD,3,oncokb,oncokb_civic.Alpelisib_Fulvestrant
TCGA-AZ-4315,BRIP1,E357,COAD,3,oncokb,oncokb_civic.Olaparib
TCGA-AZ-4315,ATM,X221_splice,COAD,3,oncokb,oncokb_civic.Olaparib
TCGA-AZ-4315,BRCA2,X265_splice,COAD,3,oncokb,oncokb_civic.Olaparib
TCGA-AZ-4315,BRCA2,X265_splice,COAD,3,oncokb,oncokb_civic.Talazoparib
TCGA-AZ-4315,BRCA2,X265_splice,COAD,3,oncokb,oncokb_civic.Olaparib_Bevacizumab
TCGA-AZ-4315,BRCA2,X265_splice,COAD,3,oncokb,oncokb_civic.Rucaparib
TCGA-AZ-4315,BRCA2,X265_splice,COAD,3,oncokb,oncokb_civic.Niraparib
TCGA-AZ-4614,BRAF,V600E,COAD,1,oncokb,oncokb_civic.Encorafenib_Cetuximab
TCGA-AZ-4614,BRAF,V600E,COAD,2,oncokb,oncokb_civic.Encorafenib_Panitumumab
TCGA-AZ-4614,BRAF,V600E,COAD,3,oncokb,oncokb_civic.Vemurafenib
TCGA-AZ-4614,BRAF,V600E,COAD,3,oncokb,oncokb_civic.Dabrafenib
TCGA-AZ-4614,BRAF,V600E,COAD,3,oncokb,oncokb_civic.Dabrafenib_Trametinib
TCGA-AZ-4614,BRAF,V600E,COAD,3,oncokb,oncokb_civic.Selumetinib
TCGA-AZ-4614,BRAF,V600E,COAD,3,oncokb,oncokb_civic.Vemurafenib_Atezolizumab_Cobimetinib
TCGA-AZ-4614,BRAF,V600E,COAD,3,oncokb,oncokb_civic.Trametinib
TCGA-AZ-4614,BRAF,V600E,COAD,3,oncokb,oncokb_civic.Vemurafenib_Cobimetinib
TCGA-AZ-4614,BRAF,V600E,COAD,3,oncokb,oncokb_civic.Encorafenib_Binimetinib
TCGA-AZ-4615,TSC1,L910Wfs21,COAD,3,oncokb,oncokb_civic.Everolimus
TCGA-AZ-4615,TSC1,R420Gfs20,COAD,3,oncokb,oncokb_civic.Everolimus
TCGA-AZ-4615,BRAF,V600E,COAD,1,oncokb,oncokb_civic.Encorafenib_Cetuximab
TCGA-AZ-4615,BRAF,V600E,COAD,2,oncokb,oncokb_civic.Encorafenib_Panitumumab
TCGA-AZ-4615,BRAF,V600E,COAD,3,oncokb,oncokb_civic.Vemurafenib
TCGA-AZ-4615,BRAF,V600E,COAD,3,oncokb,oncokb_civic.Dabrafenib
TCGA-AZ-4615,BRAF,V600E,COAD,3,oncokb,oncokb_civic.Dabrafenib_Trametinib
TCGA-AZ-4615,BRAF,V600E,COAD,3,oncokb,oncokb_civic.Selumetinib
TCGA-AZ-4615,BRAF,V600E,COAD,3,oncokb,oncokb_civic.Vemurafenib_Atezolizumab_Cobimetinib
TCGA-AZ-4615,BRAF,V600E,COAD,3,oncokb,oncokb_civic.Trametinib
TCGA-AZ-4615,BRAF,V600E,COAD,3,oncokb,oncokb_civic.Vemurafenib_Cobimetinib
TCGA-AZ-4615,BRAF,V600E,COAD,3,oncokb,oncokb_civic.Encorafenib_Binimetinib
TCGA-AZ-4616,KRAS,G12A,COAD,R1,oncokb,oncokb_civic.Cetuximab
TCGA-AZ-4616,KRAS,G12A,COAD,R1,oncokb,oncokb_civic.Panitumumab
TCGA-AZ-4616,PIK3CA,Q546R,COAD,3,oncokb,oncokb_civic.Alpelisib_Fulvestrant
TCGA-AZ-5407,KRAS,G12D,COAD,R1,oncokb,oncokb_civic.Cetuximab
TCGA-AZ-5407,KRAS,G12D,COAD,R1,oncokb,oncokb_civic.Panitumumab
TCGA-AZ-6598,ATM,S214Pfs16,COAD,3,oncokb,oncokb_civic.Olaparib
TCGA-AZ-6598,BRAF,V600E,COAD,1,oncokb,oncokb_civic.Encorafenib_Cetuximab
TCGA-AZ-6598,BRAF,V600E,COAD,2,oncokb,oncokb_civic.Encorafenib_Panitumumab
TCGA-AZ-6598,BRAF,V600E,COAD,3,oncokb,oncokb_civic.Vemurafenib
TCGA-AZ-6598,BRAF,V600E,COAD,3,oncokb,oncokb_civic.Dabrafenib
TCGA-AZ-6598,BRAF,V600E,COAD,3,oncokb,oncokb_civic.Dabrafenib_Trametinib
TCGA-AZ-6598,BRAF,V600E,COAD,3,oncokb,oncokb_civic.Selumetinib
TCGA-AZ-6598,BRAF,V600E,COAD,3,oncokb,oncokb_civic.Vemurafenib_Atezolizumab_Cobimetinib
TCGA-AZ-6598,BRAF,V600E,COAD,3,oncokb,oncokb_civic.Trametinib
TCGA-AZ-6598,BRAF,V600E,COAD,3,oncokb,oncokb_civic.Vemurafenib_Cobimetinib
TCGA-AZ-6598,BRAF,V600E,COAD,3,oncokb,oncokb_civic.Encorafenib_Binimetinib
TCGA-AZ-6599,KRAS,G13D,COAD,R1,oncokb,oncokb_civic.Cetuximab
TCGA-AZ-6599,KRAS,G13D,COAD,R1,oncokb,oncokb_civic.Panitumumab
TCGA-AZ-6600,KRAS,G13D,COAD,R1,oncokb,oncokb_civic.Cetuximab
TCGA-AZ-6600,KRAS,G13D,COAD,R1,oncokb,oncokb_civic.Panitumumab
TCGA-AZ-6601,KRAS,G12D,COAD,R1,oncokb,oncokb_civic.Cetuximab
TCGA-AZ-6601,KRAS,G12D,COAD,R1,oncokb,oncokb_civic.Panitumumab
TCGA-AZ-6606,KRAS,G12V,COAD,R1,oncokb,oncokb_civic.Cetuximab
TCGA-AZ-6606,KRAS,G12V,COAD,R1,oncokb,oncokb_civic.Panitumumab
TCGA-AZ-6607,KRAS,G12C,COAD,3,oncokb,oncokb_civic.Adagrasib
TCGA-AZ-6607,KRAS,G12C,COAD,3,oncokb,oncokb_civic.Sotorasib
TCGA-AZ-6607,KRAS,G12C,COAD,3,oncokb,oncokb_civic.Adagrasib_Cetuximab
TCGA-AZ-6607,KRAS,G12C,COAD,R1,oncokb,oncokb_civic.Cetuximab
TCGA-AZ-6607,KRAS,G12C,COAD,R1,oncokb,oncokb_civic.Panitumumab
TCGA-AZ-6608,KRAS,G13D,COAD,R1,oncokb,oncokb_civic.Cetuximab
TCGA-AZ-6608,KRAS,G13D,COAD,R1,oncokb,oncokb_civic.Panitumumab
TCGA-CA-5255,KRAS,G12V,COAD,R1,oncokb,oncokb_civic.Cetuximab
TCGA-CA-5255,KRAS,G12V,COAD,R1,oncokb,oncokb_civic.Panitumumab
TCGA-CA-5255,PIK3CA,E545A,COAD,3,oncokb,oncokb_civic.Alpelisib_Fulvestrant
TCGA-CA-5796,KRAS,G12V,COAD,R1,oncokb,oncokb_civic.Cetuximab
TCGA-CA-5796,KRAS,G12V,COAD,R1,oncokb,oncokb_civic.Panitumumab
TCGA-CA-6715,ATM,S151,COAD,3,oncokb,oncokb_civic.Olaparib
TCGA-CA-6716,KRAS,G13D,COAD,R1,oncokb,oncokb_civic.Cetuximab
TCGA-CA-6716,KRAS,G13D,COAD,R1,oncokb,oncokb_civic.Panitumumab
TCGA-CA-6717,PIK3CA,E970K,COAD,3,oncokb,oncokb_civic.Alpelisib_Fulvestrant
TCGA-CA-6717,PIK3CA,R88Q,COAD,3,oncokb,oncokb_civic.Alpelisib_Fulvestrant
TCGA-CA-6717,ATM,R1618,COAD,3,oncokb,oncokb_civic.Olaparib
TCGA-CA-6717,ATM,R250,COAD,3,oncokb,oncokb_civic.Olaparib
TCGA-CA-6717,BRCA2,E97,COAD,3,oncokb,oncokb_civic.Olaparib
TCGA-CA-6717,BRCA2,E97,COAD,3,oncokb,oncokb_civic.Talazoparib
TCGA-CA-6717,BRCA2,E97,COAD,3,oncokb,oncokb_civic.Olaparib_Bevacizumab
TCGA-CA-6717,BRCA2,E97,COAD,3,oncokb,oncokb_civic.Rucaparib
TCGA-CA-6717,BRCA2,E97,COAD,3,oncokb,oncokb_civic.Niraparib
TCGA-CA-6717,TSC1,E981,COAD,3,oncokb,oncokb_civic.Everolimus
TCGA-CA-6718,ATM,R337C,COAD,3,oncokb,oncokb_civic.Olaparib
TCGA-CA-6718,KRAS,Q22K,COAD,R1,oncokb,oncokb_civic.Cetuximab
TCGA-CA-6718,KRAS,Q22K,COAD,R1,oncokb,oncokb_civic.Panitumumab
TCGA-CA-6718,PIK3CA,H1047Q,COAD,3,oncokb,oncokb_civic.Alpelisib_Fulvestrant
TCGA-CA-6718,PIK3CA,R88Q,COAD,3,oncokb,oncokb_civic.Alpelisib_Fulvestrant
TCGA-CA-6718,BRCA2,E1493,COAD,3,oncokb,oncokb_civic.Olaparib
TCGA-CA-6718,BRCA2,E1493,COAD,3,oncokb,oncokb_civic.Talazoparib
TCGA-CA-6718,BRCA2,E1493,COAD,3,oncokb,oncokb_civic.Olaparib_Bevacizumab
TCGA-CA-6718,BRCA2,E1493,COAD,3,oncokb,oncokb_civic.Rucaparib
TCGA-CA-6718,BRCA2,E1493,COAD,3,oncokb,oncokb_civic.Niraparib
TCGA-CA-6718,RAD51B,E198,COAD,3,oncokb,oncokb_civic.Olaparib
TCGA-CK-4947,KRAS,G12A,COAD,R1,oncokb,oncokb_civic.Cetuximab
TCGA-CK-4947,KRAS,G12A,COAD,R1,oncokb,oncokb_civic.Panitumumab
TCGA-CK-4948,KRAS,G12D,COAD,R1,oncokb,oncokb_civic.Cetuximab
TCGA-CK-4948,KRAS,G12D,COAD,R1,oncokb,oncokb_civic.Panitumumab
TCGA-CK-4950,KRAS,G12D,COAD,R1,oncokb,oncokb_civic.Cetuximab
TCGA-CK-4950,KRAS,G12D,COAD,R1,oncokb,oncokb_civic.Panitumumab
TCGA-CK-4951,PIK3CA,T1025A,COAD,3,oncokb,oncokb_civic.Alpelisib_Fulvestrant
TCGA-CK-5913,BRCA2,N1544Tfs24,COAD,3,oncokb,oncokb_civic.Olaparib
TCGA-CK-5913,BRCA2,N1544Tfs24,COAD,3,oncokb,oncokb_civic.Talazoparib
TCGA-CK-5913,BRCA2,N1544Tfs24,COAD,3,oncokb,oncokb_civic.Olaparib_Bevacizumab
TCGA-CK-5913,BRCA2,N1544Tfs24,COAD,3,oncokb,oncokb_civic.Rucaparib
TCGA-CK-5913,BRCA2,N1544Tfs24,COAD,3,oncokb,oncokb_civic.Niraparib
TCGA-CK-6746,ATM,F627Sfs22,COAD,3,oncokb,oncokb_civic.Olaparib
TCGA-CK-6746,BRAF,V600E,COAD,1,oncokb,oncokb_civic.Encorafenib_Cetuximab
TCGA-CK-6746,BRAF,V600E,COAD,2,oncokb,oncokb_civic.Encorafenib_Panitumumab
TCGA-CK-6746,BRAF,V600E,COAD,3,oncokb,oncokb_civic.Vemurafenib
TCGA-CK-6746,BRAF,V600E,COAD,3,oncokb,oncokb_civic.Dabrafenib
TCGA-CK-6746,BRAF,V600E,COAD,3,oncokb,oncokb_civic.Dabrafenib_Trametinib
TCGA-CK-6746,BRAF,V600E,COAD,3,oncokb,oncokb_civic.Selumetinib
TCGA-CK-6746,BRAF,V600E,COAD,3,oncokb,oncokb_civic.Vemurafenib_Atezolizumab_Cobimetinib
TCGA-CK-6746,BRAF,V600E,COAD,3,oncokb,oncokb_civic.Trametinib
TCGA-CK-6746,BRAF,V600E,COAD,3,oncokb,oncokb_civic.Vemurafenib_Cobimetinib
TCGA-CK-6746,BRAF,V600E,COAD,3,oncokb,oncokb_civic.Encorafenib_Binimetinib
TCGA-CK-6747,PIK3CA,E545K,COAD,3,oncokb,oncokb_civic.Alpelisib_Fulvestrant
TCGA-CK-6748,KRAS,G12D,COAD,R1,oncokb,oncokb_civic.Cetuximab
TCGA-CK-6748,KRAS,G12D,COAD,R1,oncokb,oncokb_civic.Panitumumab
TCGA-CK-6751,KRAS,G12D,COAD,R1,oncokb,oncokb_civic.Cetuximab
TCGA-CK-6751,KRAS,G12D,COAD,R1,oncokb,oncokb_civic.Panitumumab
TCGA-CM-4744,KRAS,G12S,COAD,R1,oncokb,oncokb_civic.Cetuximab
TCGA-CM-4744,KRAS,G12S,COAD,R1,oncokb,oncokb_civic.Panitumumab
TCGA-CM-4746,PIK3CA,H1047Y,COAD,3,oncokb,oncokb_civic.Alpelisib_Fulvestrant
TCGA-CM-4747,KRAS,G12C,COAD,3,oncokb,oncokb_civic.Adagrasib
TCGA-CM-4747,KRAS,G12C,COAD,3,oncokb,oncokb_civic.Sotorasib
TCGA-CM-4747,KRAS,G12C,COAD,3,oncokb,oncokb_civic.Adagrasib_Cetuximab
TCGA-CM-4747,KRAS,G12C,COAD,R1,oncokb,oncokb_civic.Cetuximab
TCGA-CM-4747,KRAS,G12C,COAD,R1,oncokb,oncokb_civic.Panitumumab
TCGA-CM-4747,PIK3CA,E542A,COAD,3,oncokb,oncokb_civic.Alpelisib_Fulvestrant
TCGA-CM-4748,KRAS,G12D,COAD,R1,oncokb,oncokb_civic.Cetuximab
TCGA-CM-4748,KRAS,G12D,COAD,R1,oncokb,oncokb_civic.Panitumumab
TCGA-CM-4748,PIK3CA,E545K,COAD,3,oncokb,oncokb_civic.Alpelisib_Fulvestrant
TCGA-CM-4751,KRAS,G12D,COAD,R1,oncokb,oncokb_civic.Cetuximab
TCGA-CM-4751,KRAS,G12D,COAD,R1,oncokb,oncokb_civic.Panitumumab
TCGA-CM-4752,BRCA2,E510,COAD,3,oncokb,oncokb_civic.Olaparib
TCGA-CM-4752,BRCA2,E510,COAD,3,oncokb,oncokb_civic.Talazoparib
TCGA-CM-4752,BRCA2,E510,COAD,3,oncokb,oncokb_civic.Olaparib_Bevacizumab
TCGA-CM-4752,BRCA2,E510,COAD,3,oncokb,oncokb_civic.Rucaparib
TCGA-CM-4752,BRCA2,E510,COAD,3,oncokb,oncokb_civic.Niraparib
TCGA-CM-5349,KRAS,A146T,COAD,R1,oncokb,oncokb_civic.Cetuximab
TCGA-CM-5349,KRAS,A146T,COAD,R1,oncokb,oncokb_civic.Panitumumab
TCGA-CM-5860,PIK3CA,E545K,COAD,3,oncokb,oncokb_civic.Alpelisib_Fulvestrant
TCGA-CM-5861,CDK12,P536Hfs74,COAD,3,oncokb,oncokb_civic.Olaparib
TCGA-CM-5861,CHEK1,D99Efs2,COAD,3,oncokb,oncokb_civic.Olaparib
TCGA-CM-5861,BRAF,V600E,COAD,1,oncokb,oncokb_civic.Encorafenib_Cetuximab
TCGA-CM-5861,BRAF,V600E,COAD,2,oncokb,oncokb_civic.Encorafenib_Panitumumab
TCGA-CM-5861,BRAF,V600E,COAD,3,oncokb,oncokb_civic.Vemurafenib
TCGA-CM-5861,BRAF,V600E,COAD,3,oncokb,oncokb_civic.Dabrafenib
TCGA-CM-5861,BRAF,V600E,COAD,3,oncokb,oncokb_civic.Dabrafenib_Trametinib
TCGA-CM-5861,BRAF,V600E,COAD,3,oncokb,oncokb_civic.Selumetinib
TCGA-CM-5861,BRAF,V600E,COAD,3,oncokb,oncokb_civic.Vemurafenib_Atezolizumab_Cobimetinib
TCGA-CM-5861,BRAF,V600E,COAD,3,oncokb,oncokb_civic.Trametinib
TCGA-CM-5861,BRAF,V600E,COAD,3,oncokb,oncokb_civic.Vemurafenib_Cobimetinib
TCGA-CM-5861,BRAF,V600E,COAD,3,oncokb,oncokb_civic.Encorafenib_Binimetinib
TCGA-CM-5863,KRAS,G12D,COAD,R1,oncokb,oncokb_civic.Cetuximab
TCGA-CM-5863,KRAS,G12D,COAD,R1,oncokb,oncokb_civic.Panitumumab
TCGA-CM-5864,NRAS,Q61K,COAD,3,oncokb,oncokb_civic.Binimetinib
TCGA-CM-5864,NRAS,Q61K,COAD,R1,oncokb,oncokb_civic.Cetuximab
TCGA-CM-5864,NRAS,Q61K,COAD,R1,oncokb,oncokb_civic.Panitumumab
TCGA-CM-6162,BRCA2,N319Ifs5,COAD,3,oncokb,oncokb_civic.Olaparib
TCGA-CM-6162,BRCA2,N319Ifs5,COAD,3,oncokb,oncokb_civic.Talazoparib
TCGA-CM-6162,BRCA2,N319Ifs5,COAD,3,oncokb,oncokb_civic.Olaparib_Bevacizumab
TCGA-CM-6162,BRCA2,N319Ifs5,COAD,3,oncokb,oncokb_civic.Rucaparib
TCGA-CM-6162,BRCA2,N319Ifs5,COAD,3,oncokb,oncokb_civic.Niraparib
TCGA-CM-6162,PIK3CA,R108H,COAD,3,oncokb,oncokb_civic.Alpelisib_Fulvestrant
TCGA-CM-6162,PIK3CA,R88Q,COAD,3,oncokb,oncokb_civic.Alpelisib_Fulvestrant
TCGA-CM-6164,KRAS,P34L,COAD,R1,oncokb,oncokb_civic.Cetuximab
TCGA-CM-6164,KRAS,P34L,COAD,R1,oncokb,oncokb_civic.Panitumumab
TCGA-CM-6166,KRAS,A146T,COAD,R1,oncokb,oncokb_civic.Cetuximab
TCGA-CM-6166,KRAS,A146T,COAD,R1,oncokb,oncokb_civic.Panitumumab
TCGA-CM-6168,KRAS,G13D,COAD,R1,oncokb,oncokb_civic.Cetuximab
TCGA-CM-6168,KRAS,G13D,COAD,R1,oncokb,oncokb_civic.Panitumumab
TCGA-CM-6168,PIK3CA,E545K,COAD,3,oncokb,oncokb_civic.Alpelisib_Fulvestrant
TCGA-CM-6171,BRAF,V600E,COAD,1,oncokb,oncokb_civic.Encorafenib_Cetuximab
TCGA-CM-6171,BRAF,V600E,COAD,2,oncokb,oncokb_civic.Encorafenib_Panitumumab
TCGA-CM-6171,BRAF,V600E,COAD,3,oncokb,oncokb_civic.Vemurafenib
TCGA-CM-6171,BRAF,V600E,COAD,3,oncokb,oncokb_civic.Dabrafenib
TCGA-CM-6171,BRAF,V600E,COAD,3,oncokb,oncokb_civic.Dabrafenib_Trametinib
TCGA-CM-6171,BRAF,V600E,COAD,3,oncokb,oncokb_civic.Selumetinib
TCGA-CM-6171,BRAF,V600E,COAD,3,oncokb,oncokb_civic.Vemurafenib_Atezolizumab_Cobimetinib
TCGA-CM-6171,BRAF,V600E,COAD,3,oncokb,oncokb_civic.Trametinib
TCGA-CM-6171,BRAF,V600E,COAD,3,oncokb,oncokb_civic.Vemurafenib_Cobimetinib
TCGA-CM-6171,BRAF,V600E,COAD,3,oncokb,oncokb_civic.Encorafenib_Binimetinib
TCGA-CM-6674,KRAS,G12D,COAD,R1,oncokb,oncokb_civic.Cetuximab
TCGA-CM-6674,KRAS,G12D,COAD,R1,oncokb,oncokb_civic.Panitumumab
TCGA-CM-6678,KRAS,G12D,COAD,R1,oncokb,oncokb_civic.Cetuximab
TCGA-CM-6678,KRAS,G12D,COAD,R1,oncokb,oncokb_civic.Panitumumab
TCGA-CM-6678,PIK3CA,E542K,COAD,3,oncokb,oncokb_civic.Alpelisib_Fulvestrant
TCGA-CM-6680,NRAS,Q61K,COAD,3,oncokb,oncokb_civic.Binimetinib
TCGA-CM-6680,NRAS,Q61K,COAD,R1,oncokb,oncokb_civic.Cetuximab
TCGA-CM-6680,NRAS,Q61K,COAD,R1,oncokb,oncokb_civic.Panitumumab
TCGA-CM-6680,PIK3CA,E545K,COAD,3,oncokb,oncokb_civic.Alpelisib_Fulvestrant
TCGA-D5-5538,KRAS,G12V,COAD,R1,oncokb,oncokb_civic.Cetuximab
TCGA-D5-5538,KRAS,G12V,COAD,R1,oncokb,oncokb_civic.Panitumumab
TCGA-D5-5539,KRAS,G13D,COAD,R1,oncokb,oncokb_civic.Cetuximab
TCGA-D5-5539,KRAS,G13D,COAD,R1,oncokb,oncokb_civic.Panitumumab
TCGA-D5-5540,KRAS,G12V,COAD,R1,oncokb,oncokb_civic.Cetuximab
TCGA-D5-5540,KRAS,G12V,COAD,R1,oncokb,oncokb_civic.Panitumumab
TCGA-D5-6529,KRAS,G13D,COAD,R1,oncokb,oncokb_civic.Cetuximab
TCGA-D5-6529,KRAS,G13D,COAD,R1,oncokb,oncokb_civic.Panitumumab
TCGA-D5-6529,PIK3CA,E545K,COAD,3,oncokb,oncokb_civic.Alpelisib_Fulvestrant
TCGA-D5-6530,BRCA2,N1784Tfs7,COAD,3,oncokb,oncokb_civic.Olaparib
TCGA-D5-6530,BRCA2,N1784Tfs7,COAD,3,oncokb,oncokb_civic.Talazoparib
TCGA-D5-6530,BRCA2,N1784Tfs7,COAD,3,oncokb,oncokb_civic.Olaparib_Bevacizumab
TCGA-D5-6530,BRCA2,N1784Tfs7,COAD,3,oncokb,oncokb_civic.Rucaparib
TCGA-D5-6530,BRCA2,N1784Tfs7,COAD,3,oncokb,oncokb_civic.Niraparib
TCGA-D5-6531,KRAS,G12A,COAD,R1,oncokb,oncokb_civic.Cetuximab
TCGA-D5-6531,KRAS,G12A,COAD,R1,oncokb,oncokb_civic.Panitumumab
TCGA-D5-6532,KRAS,G13D,COAD,R1,oncokb,oncokb_civic.Cetuximab
TCGA-D5-6532,KRAS,G13D,COAD,R1,oncokb,oncokb_civic.Panitumumab
TCGA-D5-6532,PIK3CA,E545K,COAD,3,oncokb,oncokb_civic.Alpelisib_Fulvestrant
TCGA-D5-6534,BRAF,V600E,COAD,1,oncokb,oncokb_civic.Encorafenib_Cetuximab
TCGA-D5-6534,BRAF,V600E,COAD,2,oncokb,oncokb_civic.Encorafenib_Panitumumab
TCGA-D5-6534,BRAF,V600E,COAD,3,oncokb,oncokb_civic.Vemurafenib
TCGA-D5-6534,BRAF,V600E,COAD,3,oncokb,oncokb_civic.Dabrafenib
TCGA-D5-6534,BRAF,V600E,COAD,3,oncokb,oncokb_civic.Dabrafenib_Trametinib
TCGA-D5-6534,BRAF,V600E,COAD,3,oncokb,oncokb_civic.Selumetinib
TCGA-D5-6534,BRAF,V600E,COAD,3,oncokb,oncokb_civic.Vemurafenib_Atezolizumab_Cobimetinib
TCGA-D5-6534,BRAF,V600E,COAD,3,oncokb,oncokb_civic.Trametinib
TCGA-D5-6534,BRAF,V600E,COAD,3,oncokb,oncokb_civic.Vemurafenib_Cobimetinib
TCGA-D5-6534,BRAF,V600E,COAD,3,oncokb,oncokb_civic.Encorafenib_Binimetinib
TCGA-D5-6535,KRAS,G12D,COAD,R1,oncokb,oncokb_civic.Cetuximab
TCGA-D5-6535,KRAS,G12D,COAD,R1,oncokb,oncokb_civic.Panitumumab
TCGA-D5-6536,KRAS,G12R,COAD,R1,oncokb,oncokb_civic.Cetuximab
TCGA-D5-6536,KRAS,G12R,COAD,R1,oncokb,oncokb_civic.Panitumumab
TCGA-D5-6537,PIK3CA,G451_D454del,COAD,3,oncokb,oncokb_civic.Alpelisib_Fulvestrant
TCGA-D5-6537,KRAS,G12R,COAD,R1,oncokb,oncokb_civic.Cetuximab
TCGA-D5-6537,KRAS,G12R,COAD,R1,oncokb,oncokb_civic.Panitumumab
TCGA-D5-6538,KRAS,G12V,COAD,R1,oncokb,oncokb_civic.Cetuximab
TCGA-D5-6538,KRAS,G12V,COAD,R1,oncokb,oncokb_civic.Panitumumab
TCGA-D5-6539,KRAS,G12V,COAD,R1,oncokb,oncokb_civic.Cetuximab
TCGA-D5-6539,KRAS,G12V,COAD,R1,oncokb,oncokb_civic.Panitumumab
TCGA-D5-6540,BRAF,V600E,COAD,1,oncokb,oncokb_civic.Encorafenib_Cetuximab
TCGA-D5-6540,BRAF,V600E,COAD,2,oncokb,oncokb_civic.Encorafenib_Panitumumab
TCGA-D5-6540,BRAF,V600E,COAD,3,oncokb,oncokb_civic.Vemurafenib
TCGA-D5-6540,BRAF,V600E,COAD,3,oncokb,oncokb_civic.Dabrafenib
TCGA-D5-6540,BRAF,V600E,COAD,3,oncokb,oncokb_civic.Dabrafenib_Trametinib
TCGA-D5-6540,BRAF,V600E,COAD,3,oncokb,oncokb_civic.Selumetinib
TCGA-D5-6540,BRAF,V600E,COAD,3,oncokb,oncokb_civic.Vemurafenib_Atezolizumab_Cobimetinib
TCGA-D5-6540,BRAF,V600E,COAD,3,oncokb,oncokb_civic.Trametinib
TCGA-D5-6540,BRAF,V600E,COAD,3,oncokb,oncokb_civic.Vemurafenib_Cobimetinib
TCGA-D5-6540,BRAF,V600E,COAD,3,oncokb,oncokb_civic.Encorafenib_Binimetinib
TCGA-D5-6541,KRAS,G12D,COAD,R1,oncokb,oncokb_civic.Cetuximab
TCGA-D5-6541,KRAS,G12D,COAD,R1,oncokb,oncokb_civic.Panitumumab
TCGA-D5-6541,PIK3CA,E542K,COAD,3,oncokb,oncokb_civic.Alpelisib_Fulvestrant
TCGA-D5-6898,ATM,R805,COAD,3,oncokb,oncokb_civic.Olaparib
TCGA-D5-6920,PIK3CA,E545K,COAD,3,oncokb,oncokb_civic.Alpelisib_Fulvestrant
TCGA-D5-6927,KRAS,G13D,COAD,R1,oncokb,oncokb_civic.Cetuximab
TCGA-D5-6927,KRAS,G13D,COAD,R1,oncokb,oncokb_civic.Panitumumab
TCGA-D5-6927,PIK3CA,R88Q,COAD,3,oncokb,oncokb_civic.Alpelisib_Fulvestrant
TCGA-D5-6928,BARD1,D172Mfs40,COAD,3,oncokb,oncokb_civic.Olaparib
TCGA-D5-6928,CDK12,Q937Kfs9,COAD,3,oncokb,oncokb_civic.Olaparib
TCGA-D5-6928,CHEK2,N197Kfs32,COAD,3,oncokb,oncokb_civic.Olaparib
TCGA-D5-6928,ATM,R2034,COAD,3,oncokb,oncokb_civic.Olaparib
TCGA-D5-6930,PTCH1,N97Kfs43,COAD,3,oncokb,oncokb_civic.Sonidegib
TCGA-D5-6930,PTCH1,N97Kfs43,COAD,3,oncokb,oncokb_civic.Vismodegib
TCGA-D5-6930,BRAF,V600E,COAD,1,oncokb,oncokb_civic.Encorafenib_Cetuximab
TCGA-D5-6930,BRAF,V600E,COAD,2,oncokb,oncokb_civic.Encorafenib_Panitumumab
TCGA-D5-6930,BRAF,V600E,COAD,3,oncokb,oncokb_civic.Vemurafenib
TCGA-D5-6930,BRAF,V600E,COAD,3,oncokb,oncokb_civic.Dabrafenib
TCGA-D5-6930,BRAF,V600E,COAD,3,oncokb,oncokb_civic.Dabrafenib_Trametinib
TCGA-D5-6930,BRAF,V600E,COAD,3,oncokb,oncokb_civic.Selumetinib
TCGA-D5-6930,BRAF,V600E,COAD,3,oncokb,oncokb_civic.Vemurafenib_Atezolizumab_Cobimetinib
TCGA-D5-6930,BRAF,V600E,COAD,3,oncokb,oncokb_civic.Trametinib
TCGA-D5-6930,BRAF,V600E,COAD,3,oncokb,oncokb_civic.Vemurafenib_Cobimetinib
TCGA-D5-6930,BRAF,V600E,COAD,3,oncokb,oncokb_civic.Encorafenib_Binimetinib
TCGA-D5-6931,KRAS,G12D,COAD,R1,oncokb,oncokb_civic.Cetuximab
TCGA-D5-6931,KRAS,G12D,COAD,R1,oncokb,oncokb_civic.Panitumumab
TCGA-D5-6931,MAP2K1,P124S,COAD,3,oncokb,oncokb_civic.Trametinib
TCGA-D5-6931,MAP2K1,P124S,COAD,3,oncokb,oncokb_civic.Cobimetinib
TCGA-D5-6931,PIK3CA,E545K,COAD,3,oncokb,oncokb_civic.Alpelisib_Fulvestrant
TCGA-D5-6932,KRAS,G12D,COAD,R1,oncokb,oncokb_civic.Cetuximab
TCGA-D5-6932,KRAS,G12D,COAD,R1,oncokb,oncokb_civic.Panitumumab
TCGA-D5-7000,KRAS,Q61K,COAD,R1,oncokb,oncokb_civic.Cetuximab
TCGA-D5-7000,KRAS,Q61K,COAD,R1,oncokb,oncokb_civic.Panitumumab
TCGA-DM-A0X9,KRAS,G13D,COAD,R1,oncokb,oncokb_civic.Cetuximab
TCGA-DM-A0X9,KRAS,G13D,COAD,R1,oncokb,oncokb_civic.Panitumumab
TCGA-DM-A0X9,PIK3CA,E545K,COAD,3,oncokb,oncokb_civic.Alpelisib_Fulvestrant
TCGA-DM-A0X9,PIK3CA,E970K,COAD,3,oncokb,oncokb_civic.Alpelisib_Fulvestrant
TCGA-DM-A0XD,KRAS,G13D,COAD,R1,oncokb,oncokb_civic.Cetuximab
TCGA-DM-A0XD,KRAS,G13D,COAD,R1,oncokb,oncokb_civic.Panitumumab
TCGA-DM-A0XD,PIK3CA,E545K,COAD,3,oncokb,oncokb_civic.Alpelisib_Fulvestrant
TCGA-DM-A0XF,ATM,R337C,COAD,3,oncokb,oncokb_civic.Olaparib
TCGA-DM-A1D0,KRAS,G12V,COAD,R1,oncokb,oncokb_civic.Cetuximab
TCGA-DM-A1D0,KRAS,G12V,COAD,R1,oncokb,oncokb_civic.Panitumumab
TCGA-DM-A1D4,KRAS,G12C,COAD,3,oncokb,oncokb_civic.Adagrasib
TCGA-DM-A1D4,KRAS,G12C,COAD,3,oncokb,oncokb_civic.Sotorasib
TCGA-DM-A1D4,KRAS,G12C,COAD,3,oncokb,oncokb_civic.Adagrasib_Cetuximab
TCGA-DM-A1D4,KRAS,G12C,COAD,R1,oncokb,oncokb_civic.Cetuximab
TCGA-DM-A1D4,KRAS,G12C,COAD,R1,oncokb,oncokb_civic.Panitumumab
TCGA-DM-A1D6,KRAS,G12C,COAD,3,oncokb,oncokb_civic.Adagrasib
TCGA-DM-A1D6,KRAS,G12C,COAD,3,oncokb,oncokb_civic.Sotorasib
TCGA-DM-A1D6,KRAS,G12C,COAD,3,oncokb,oncokb_civic.Adagrasib_Cetuximab
TCGA-DM-A1D6,KRAS,G12C,COAD,R1,oncokb,oncokb_civic.Cetuximab
TCGA-DM-A1D6,KRAS,G12C,COAD,R1,oncokb,oncokb_civic.Panitumumab
TCGA-DM-A1D7,KRAS,A146V,COAD,R1,oncokb,oncokb_civic.Cetuximab
TCGA-DM-A1D7,KRAS,A146V,COAD,R1,oncokb,oncokb_civic.Panitumumab
TCGA-DM-A1D8,KRAS,G13D,COAD,R1,oncokb,oncokb_civic.Cetuximab
TCGA-DM-A1D8,KRAS,G13D,COAD,R1,oncokb,oncokb_civic.Panitumumab
TCGA-DM-A1D8,PIK3CA,E542K,COAD,3,oncokb,oncokb_civic.Alpelisib_Fulvestrant
TCGA-DM-A1D9,KRAS,G13D,COAD,R1,oncokb,oncokb_civic.Cetuximab
TCGA-DM-A1D9,KRAS,G13D,COAD,R1,oncokb,oncokb_civic.Panitumumab
TCGA-DM-A1D9,NRAS,G12D,COAD,3,oncokb,oncokb_civic.Binimetinib
TCGA-DM-A1D9,NRAS,G12D,COAD,R1,oncokb,oncokb_civic.Cetuximab
TCGA-DM-A1D9,NRAS,G12D,COAD,R1,oncokb,oncokb_civic.Panitumumab
TCGA-DM-A1DA,NRAS,G12V,COAD,3,oncokb,oncokb_civic.Binimetinib
TCGA-DM-A1DA,NRAS,G12V,COAD,R1,oncokb,oncokb_civic.Cetuximab
TCGA-DM-A1DA,NRAS,G12V,COAD,R1,oncokb,oncokb_civic.Panitumumab
TCGA-DM-A1HA,KRAS,G12C,COAD,3,oncokb,oncokb_civic.Adagrasib
TCGA-DM-A1HA,KRAS,G12C,COAD,3,oncokb,oncokb_civic.Sotorasib
TCGA-DM-A1HA,KRAS,G12C,COAD,3,oncokb,oncokb_civic.Adagrasib_Cetuximab
TCGA-DM-A1HA,KRAS,G12C,COAD,R1,oncokb,oncokb_civic.Cetuximab
TCGA-DM-A1HA,KRAS,G12C,COAD,R1,oncokb,oncokb_civic.Panitumumab
TCGA-DM-A1HB,BRAF,V600E,COAD,1,oncokb,oncokb_civic.Encorafenib_Cetuximab
TCGA-DM-A1HB,BRAF,V600E,COAD,2,oncokb,oncokb_civic.Encorafenib_Panitumumab
TCGA-DM-A1HB,BRAF,V600E,COAD,3,oncokb,oncokb_civic.Vemurafenib
TCGA-DM-A1HB,BRAF,V600E,COAD,3,oncokb,oncokb_civic.Dabrafenib
TCGA-DM-A1HB,BRAF,V600E,COAD,3,oncokb,oncokb_civic.Dabrafenib_Trametinib
TCGA-DM-A1HB,BRAF,V600E,COAD,3,oncokb,oncokb_civic.Selumetinib
TCGA-DM-A1HB,BRAF,V600E,COAD,3,oncokb,oncokb_civic.Vemurafenib_Atezolizumab_Cobimetinib
TCGA-DM-A1HB,BRAF,V600E,COAD,3,oncokb,oncokb_civic.Trametinib
TCGA-DM-A1HB,BRAF,V600E,COAD,3,oncokb,oncokb_civic.Vemurafenib_Cobimetinib
TCGA-DM-A1HB,BRAF,V600E,COAD,3,oncokb,oncokb_civic.Encorafenib_Binimetinib
TCGA-DM-A1HB,PIK3CA,H1047R,COAD,3,oncokb,oncokb_civic.Alpelisib_Fulvestrant
TCGA-DM-A1HB,ATM,R805,COAD,3,oncokb,oncokb_civic.Olaparib
TCGA-DM-A280,KRAS,G12S,COAD,R1,oncokb,oncokb_civic.Cetuximab
TCGA-DM-A280,KRAS,G12S,COAD,R1,oncokb,oncokb_civic.Panitumumab
TCGA-DM-A280,PIK3CA,G106V,COAD,3,oncokb,oncokb_civic.Alpelisib_Fulvestrant
TCGA-DM-A282,KRAS,G12D,COAD,R1,oncokb,oncokb_civic.Cetuximab
TCGA-DM-A282,KRAS,G12D,COAD,R1,oncokb,oncokb_civic.Panitumumab
TCGA-DM-A285,KRAS,L19F,COAD,R1,oncokb,oncokb_civic.Cetuximab
TCGA-DM-A285,KRAS,L19F,COAD,R1,oncokb,oncokb_civic.Panitumumab
TCGA-DM-A285,PIK3CA,E545K,COAD,3,oncokb,oncokb_civic.Alpelisib_Fulvestrant
TCGA-DM-A288,KRAS,G13D,COAD,R1,oncokb,oncokb_civic.Cetuximab
TCGA-DM-A288,KRAS,G13D,COAD,R1,oncokb,oncokb_civic.Panitumumab
TCGA-DM-A288,PIK3CA,R93P,COAD,3,oncokb,oncokb_civic.Alpelisib_Fulvestrant
TCGA-DM-A28A,KRAS,G12D,COAD,R1,oncokb,oncokb_civic.Cetuximab
TCGA-DM-A28A,KRAS,G12D,COAD,R1,oncokb,oncokb_civic.Panitumumab
TCGA-DM-A28A,PIK3CA,H1047Y,COAD,3,oncokb,oncokb_civic.Alpelisib_Fulvestrant
TCGA-DM-A28C,PIK3CA,E545K,COAD,3,oncokb,oncokb_civic.Alpelisib_Fulvestrant
TCGA-DM-A28E,KRAS,G12V,COAD,R1,oncokb,oncokb_civic.Cetuximab
TCGA-DM-A28E,KRAS,G12V,COAD,R1,oncokb,oncokb_civic.Panitumumab
TCGA-DM-A28G,KRAS,Q61H,COAD,R1,oncokb,oncokb_civic.Cetuximab
TCGA-DM-A28G,KRAS,Q61H,COAD,R1,oncokb,oncokb_civic.Panitumumab
TCGA-DM-A28K,ATM,R3008H,COAD,3,oncokb,oncokb_civic.Olaparib
TCGA-DM-A28K,KRAS,G12D,COAD,R1,oncokb,oncokb_civic.Cetuximab
TCGA-DM-A28K,KRAS,G12D,COAD,R1,oncokb,oncokb_civic.Panitumumab
TCGA-DM-A28M,KRAS,G12V,COAD,R1,oncokb,oncokb_civic.Cetuximab
TCGA-DM-A28M,KRAS,G12V,COAD,R1,oncokb,oncokb_civic.Panitumumab
TCGA-F4-6461,IDH1,R132C,COAD,3,oncokb,oncokb_civic.Ivosidenib
TCGA-F4-6461,KRAS,G12D,COAD,R1,oncokb,oncokb_civic.Cetuximab
TCGA-F4-6461,KRAS,G12D,COAD,R1,oncokb,oncokb_civic.Panitumumab
TCGA-F4-6463,KRAS,A146T,COAD,R1,oncokb,oncokb_civic.Cetuximab
TCGA-F4-6463,KRAS,A146T,COAD,R1,oncokb,oncokb_civic.Panitumumab
TCGA-F4-6569,PIK3CA,H1047Y,COAD,3,oncokb,oncokb_civic.Alpelisib_Fulvestrant
TCGA-F4-6569,PIK3CA,R357Q,COAD,3,oncokb,oncokb_civic.Alpelisib_Fulvestrant
TCGA-F4-6570,CDK12,G1271Dfs23,COAD,3,oncokb,oncokb_civic.Olaparib
TCGA-F4-6570,BRCA1,K739Ifs15,COAD,3,oncokb,oncokb_civic.Olaparib
TCGA-F4-6570,BRCA1,K739Ifs15,COAD,3,oncokb,oncokb_civic.Talazoparib
TCGA-F4-6570,BRCA1,K739Ifs15,COAD,3,oncokb,oncokb_civic.Olaparib_Bevacizumab
TCGA-F4-6570,BRCA1,K739Ifs15,COAD,3,oncokb,oncokb_civic.Rucaparib
TCGA-F4-6570,BRCA1,K739Ifs15,COAD,3,oncokb,oncokb_civic.Niraparib
TCGA-F4-6703,KRAS,G12D,COAD,R1,oncokb,oncokb_civic.Cetuximab
TCGA-F4-6703,KRAS,G12D,COAD,R1,oncokb,oncokb_civic.Panitumumab
TCGA-F4-6805,PIK3CA,G1007R,COAD,3,oncokb,oncokb_civic.Alpelisib_Fulvestrant
TCGA-F4-6806,KRAS,G12V,COAD,R1,oncokb,oncokb_civic.Cetuximab
TCGA-F4-6806,KRAS,G12V,COAD,R1,oncokb,oncokb_civic.Panitumumab
TCGA-F4-6807,KRAS,G12V,COAD,R1,oncokb,oncokb_civic.Cetuximab
TCGA-F4-6807,KRAS,G12V,COAD,R1,oncokb,oncokb_civic.Panitumumab
TCGA-F4-6807,PIK3CA,M1043I,COAD,3,oncokb,oncokb_civic.Alpelisib_Fulvestrant
TCGA-F4-6808,ATM,R2443,COAD,3,oncokb,oncokb_civic.Olaparib
TCGA-F4-6809,NRAS,Q61R,COAD,3,oncokb,oncokb_civic.Binimetinib
TCGA-F4-6809,NRAS,Q61R,COAD,R1,oncokb,oncokb_civic.Cetuximab
TCGA-F4-6809,NRAS,Q61R,COAD,R1,oncokb,oncokb_civic.Panitumumab
TCGA-F4-6809,PIK3CA,E545K,COAD,3,oncokb,oncokb_civic.Alpelisib_Fulvestrant
TCGA-F4-6854,KRAS,G12V,COAD,R1,oncokb,oncokb_civic.Cetuximab
TCGA-F4-6854,KRAS,G12V,COAD,R1,oncokb,oncokb_civic.Panitumumab
TCGA-F4-6855,KRAS,G12V,COAD,R1,oncokb,oncokb_civic.Cetuximab
TCGA-F4-6855,KRAS,G12V,COAD,R1,oncokb,oncokb_civic.Panitumumab
TCGA-F4-6855,PIK3CA,H1047R,COAD,3,oncokb,oncokb_civic.Alpelisib_Fulvestrant
TCGA-F4-6856,KRAS,A146T,COAD,R1,oncokb,oncokb_civic.Cetuximab
TCGA-F4-6856,KRAS,A146T,COAD,R1,oncokb,oncokb_civic.Panitumumab
TCGA-F4-6856,PIK3CA,R38C,COAD,3,oncokb,oncokb_civic.Alpelisib_Fulvestrant
TCGA-G4-6293,PIK3CA,E542K,COAD,3,oncokb,oncokb_civic.Alpelisib_Fulvestrant
TCGA-G4-6294,KRAS,G12S,COAD,R1,oncokb,oncokb_civic.Cetuximab
TCGA-G4-6294,KRAS,G12S,COAD,R1,oncokb,oncokb_civic.Panitumumab
TCGA-G4-6297,KRAS,G12S,COAD,R1,oncokb,oncokb_civic.Cetuximab
TCGA-G4-6297,KRAS,G12S,COAD,R1,oncokb,oncokb_civic.Panitumumab
TCGA-G4-6297,PIK3CA,R93W,COAD,3,oncokb,oncokb_civic.Alpelisib_Fulvestrant
TCGA-G4-6297,PIK3CA,R93W,COAD,3,oncokb,oncokb_civic.Alpelisib_Fulvestrant
TCGA-G4-6298,ERBB2,S310F,COAD,3,oncokb,oncokb_civic.Ado-Trastuzumab_Emtansine
TCGA-G4-6298,ERBB2,S310F,COAD,3,oncokb,oncokb_civic.Neratinib
TCGA-G4-6298,ERBB2,S310F,COAD,3,oncokb,oncokb_civic.Trastuzumab_Deruxtecan
TCGA-G4-6298,ERBB2,S310F,COAD,3,oncokb,oncokb_civic.Trastuzumab_Pertuzumab_Docetaxel
TCGA-G4-6298,ERBB2,S310F,COAD,3,oncokb,oncokb_civic.Ado-Trastuzumab_Emtansine
TCGA-G4-6298,ERBB2,S310F,COAD,3,oncokb,oncokb_civic.Neratinib
TCGA-G4-6298,ERBB2,S310F,COAD,3,oncokb,oncokb_civic.Trastuzumab_Deruxtecan
TCGA-G4-6298,ERBB2,S310F,COAD,3,oncokb,oncokb_civic.Trastuzumab_Pertuzumab_Docetaxel
TCGA-G4-6298,NRAS,Q61K,COAD,3,oncokb,oncokb_civic.Binimetinib
TCGA-G4-6298,NRAS,Q61K,COAD,R1,oncokb,oncokb_civic.Cetuximab
TCGA-G4-6298,NRAS,Q61K,COAD,R1,oncokb,oncokb_civic.Panitumumab
TCGA-G4-6298,NRAS,Q61K,COAD,3,oncokb,oncokb_civic.Binimetinib
TCGA-G4-6298,NRAS,Q61K,COAD,R1,oncokb,oncokb_civic.Cetuximab
TCGA-G4-6298,NRAS,Q61K,COAD,R1,oncokb,oncokb_civic.Panitumumab
TCGA-G4-6302,ATM,K2303Rfs7,COAD,3,oncokb,oncokb_civic.Olaparib
TCGA-G4-6302,ATM,K2303Rfs7,COAD,3,oncokb,oncokb_civic.Olaparib
TCGA-G4-6302,BRCA1,E111Gfs3,COAD,3,oncokb,oncokb_civic.Olaparib
TCGA-G4-6302,BRCA1,E111Gfs3,COAD,3,oncokb,oncokb_civic.Talazoparib
TCGA-G4-6302,BRCA1,E111Gfs3,COAD,3,oncokb,oncokb_civic.Olaparib_Bevacizumab
TCGA-G4-6302,BRCA1,E111Gfs3,COAD,3,oncokb,oncokb_civic.Rucaparib
TCGA-G4-6302,BRCA1,E111Gfs3,COAD,3,oncokb,oncokb_civic.Niraparib
TCGA-G4-6302,BRCA1,E111Gfs3,COAD,3,oncokb,oncokb_civic.Olaparib
TCGA-G4-6302,BRCA1,E111Gfs3,COAD,3,oncokb,oncokb_civic.Talazoparib
TCGA-G4-6302,BRCA1,E111Gfs3,COAD,3,oncokb,oncokb_civic.Olaparib_Bevacizumab
TCGA-G4-6302,BRCA1,E111Gfs3,COAD,3,oncokb,oncokb_civic.Rucaparib
TCGA-G4-6302,BRCA1,E111Gfs3,COAD,3,oncokb,oncokb_civic.Niraparib
TCGA-G4-6302,BRAF,V600E,COAD,1,oncokb,oncokb_civic.Encorafenib_Cetuximab
TCGA-G4-6302,BRAF,V600E,COAD,2,oncokb,oncokb_civic.Encorafenib_Panitumumab
TCGA-G4-6302,BRAF,V600E,COAD,3,oncokb,oncokb_civic.Vemurafenib
TCGA-G4-6302,BRAF,V600E,COAD,3,oncokb,oncokb_civic.Dabrafenib
TCGA-G4-6302,BRAF,V600E,COAD,3,oncokb,oncokb_civic.Dabrafenib_Trametinib
TCGA-G4-6302,BRAF,V600E,COAD,3,oncokb,oncokb_civic.Selumetinib
TCGA-G4-6302,BRAF,V600E,COAD,3,oncokb,oncokb_civic.Vemurafenib_Atezolizumab_Cobimetinib
TCGA-G4-6302,BRAF,V600E,COAD,3,oncokb,oncokb_civic.Trametinib
TCGA-G4-6302,BRAF,V600E,COAD,3,oncokb,oncokb_civic.Vemurafenib_Cobimetinib
TCGA-G4-6302,BRAF,V600E,COAD,3,oncokb,oncokb_civic.Encorafenib_Binimetinib
TCGA-G4-6302,BRAF,V600E,COAD,1,oncokb,oncokb_civic.Encorafenib_Cetuximab
TCGA-G4-6302,BRAF,V600E,COAD,2,oncokb,oncokb_civic.Encorafenib_Panitumumab
TCGA-G4-6302,BRAF,V600E,COAD,3,oncokb,oncokb_civic.Vemurafenib
TCGA-G4-6302,BRAF,V600E,COAD,3,oncokb,oncokb_civic.Dabrafenib
TCGA-G4-6302,BRAF,V600E,COAD,3,oncokb,oncokb_civic.Dabrafenib_Trametinib
TCGA-G4-6302,BRAF,V600E,COAD,3,oncokb,oncokb_civic.Selumetinib
TCGA-G4-6302,BRAF,V600E,COAD,3,oncokb,oncokb_civic.Vemurafenib_Atezolizumab_Cobimetinib
TCGA-G4-6302,BRAF,V600E,COAD,3,oncokb,oncokb_civic.Trametinib
TCGA-G4-6302,BRAF,V600E,COAD,3,oncokb,oncokb_civic.Vemurafenib_Cobimetinib
TCGA-G4-6302,BRAF,V600E,COAD,3,oncokb,oncokb_civic.Encorafenib_Binimetinib
TCGA-G4-6304,KRAS,G13D,COAD,R1,oncokb,oncokb_civic.Cetuximab
TCGA-G4-6304,KRAS,G13D,COAD,R1,oncokb,oncokb_civic.Panitumumab
TCGA-G4-6304,PIK3CA,E545K,COAD,3,oncokb,oncokb_civic.Alpelisib_Fulvestrant
TCGA-G4-6309,CDK12,P683Qfs70,COAD,3,oncokb,oncokb_civic.Olaparib
TCGA-G4-6311,PIK3CA,K111E,COAD,3,oncokb,oncokb_civic.Alpelisib_Fulvestrant
TCGA-G4-6311,PIK3CA,K111E,COAD,3,oncokb,oncokb_civic.Alpelisib_Fulvestrant
TCGA-G4-6314,KRAS,K117N,COAD,R1,oncokb,oncokb_civic.Cetuximab
TCGA-G4-6314,KRAS,K117N,COAD,R1,oncokb,oncokb_civic.Panitumumab
TCGA-G4-6314,KRAS,K117N,COAD,R1,oncokb,oncokb_civic.Cetuximab
TCGA-G4-6314,KRAS,K117N,COAD,R1,oncokb,oncokb_civic.Panitumumab
TCGA-G4-6315,NRAS,G12D,COAD,3,oncokb,oncokb_civic.Binimetinib
TCGA-G4-6315,NRAS,G12D,COAD,R1,oncokb,oncokb_civic.Cetuximab
TCGA-G4-6315,NRAS,G12D,COAD,R1,oncokb,oncokb_civic.Panitumumab
TCGA-G4-6320,ATM,R1973Efs17,COAD,3,oncokb,oncokb_civic.Olaparib
TCGA-G4-6320,ATM,R1973Efs17,COAD,3,oncokb,oncokb_civic.Olaparib
TCGA-G4-6320,KRAS,G12D,COAD,R1,oncokb,oncokb_civic.Cetuximab
TCGA-G4-6320,KRAS,G12D,COAD,R1,oncokb,oncokb_civic.Panitumumab
TCGA-G4-6320,KRAS,G12D,COAD,R1,oncokb,oncokb_civic.Cetuximab
TCGA-G4-6320,KRAS,G12D,COAD,R1,oncokb,oncokb_civic.Panitumumab
TCGA-G4-6320,KRAS,G13D,COAD,R1,oncokb,oncokb_civic.Cetuximab
TCGA-G4-6320,KRAS,G13D,COAD,R1,oncokb,oncokb_civic.Panitumumab
TCGA-G4-6320,KRAS,G13D,COAD,R1,oncokb,oncokb_civic.Cetuximab
TCGA-G4-6320,KRAS,G13D,COAD,R1,oncokb,oncokb_civic.Panitumumab
TCGA-G4-6321,BRAF,V600E,COAD,1,oncokb,oncokb_civic.Encorafenib_Cetuximab
TCGA-G4-6321,BRAF,V600E,COAD,2,oncokb,oncokb_civic.Encorafenib_Panitumumab
TCGA-G4-6321,BRAF,V600E,COAD,3,oncokb,oncokb_civic.Vemurafenib
TCGA-G4-6321,BRAF,V600E,COAD,3,oncokb,oncokb_civic.Dabrafenib
TCGA-G4-6321,BRAF,V600E,COAD,3,oncokb,oncokb_civic.Dabrafenib_Trametinib
TCGA-G4-6321,BRAF,V600E,COAD,3,oncokb,oncokb_civic.Selumetinib
TCGA-G4-6321,BRAF,V600E,COAD,3,oncokb,oncokb_civic.Vemurafenib_Atezolizumab_Cobimetinib
TCGA-G4-6321,BRAF,V600E,COAD,3,oncokb,oncokb_civic.Trametinib
TCGA-G4-6321,BRAF,V600E,COAD,3,oncokb,oncokb_civic.Vemurafenib_Cobimetinib
TCGA-G4-6321,BRAF,V600E,COAD,3,oncokb,oncokb_civic.Encorafenib_Binimetinib
TCGA-G4-6322,IDH1,R132G,COAD,3,oncokb,oncokb_civic.Ivosidenib
TCGA-G4-6322,IDH1,R132G,COAD,3,oncokb,oncokb_civic.Ivosidenib
TCGA-G4-6323,KRAS,G13D,COAD,R1,oncokb,oncokb_civic.Cetuximab
TCGA-G4-6323,KRAS,G13D,COAD,R1,oncokb,oncokb_civic.Panitumumab
TCGA-G4-6586,BRAF,V600E,COAD,1,oncokb,oncokb_civic.Encorafenib_Cetuximab
TCGA-G4-6586,BRAF,V600E,COAD,2,oncokb,oncokb_civic.Encorafenib_Panitumumab
TCGA-G4-6586,BRAF,V600E,COAD,3,oncokb,oncokb_civic.Vemurafenib
TCGA-G4-6586,BRAF,V600E,COAD,3,oncokb,oncokb_civic.Dabrafenib
TCGA-G4-6586,BRAF,V600E,COAD,3,oncokb,oncokb_civic.Dabrafenib_Trametinib
TCGA-G4-6586,BRAF,V600E,COAD,3,oncokb,oncokb_civic.Selumetinib
TCGA-G4-6586,BRAF,V600E,COAD,3,oncokb,oncokb_civic.Vemurafenib_Atezolizumab_Cobimetinib
TCGA-G4-6586,BRAF,V600E,COAD,3,oncokb,oncokb_civic.Trametinib
TCGA-G4-6586,BRAF,V600E,COAD,3,oncokb,oncokb_civic.Vemurafenib_Cobimetinib
TCGA-G4-6586,BRAF,V600E,COAD,3,oncokb,oncokb_civic.Encorafenib_Binimetinib
TCGA-G4-6586,PIK3CA,H1047R,COAD,3,oncokb,oncokb_civic.Alpelisib_Fulvestrant
TCGA-G4-6588,BRAF,V600E,COAD,1,oncokb,oncokb_civic.Encorafenib_Cetuximab
TCGA-G4-6588,BRAF,V600E,COAD,2,oncokb,oncokb_civic.Encorafenib_Panitumumab
TCGA-G4-6588,BRAF,V600E,COAD,3,oncokb,oncokb_civic.Vemurafenib
TCGA-G4-6588,BRAF,V600E,COAD,3,oncokb,oncokb_civic.Dabrafenib
TCGA-G4-6588,BRAF,V600E,COAD,3,oncokb,oncokb_civic.Dabrafenib_Trametinib
TCGA-G4-6588,BRAF,V600E,COAD,3,oncokb,oncokb_civic.Selumetinib
TCGA-G4-6588,BRAF,V600E,COAD,3,oncokb,oncokb_civic.Vemurafenib_Atezolizumab_Cobimetinib
TCGA-G4-6588,BRAF,V600E,COAD,3,oncokb,oncokb_civic.Trametinib
TCGA-G4-6588,BRAF,V600E,COAD,3,oncokb,oncokb_civic.Vemurafenib_Cobimetinib
TCGA-G4-6588,BRAF,V600E,COAD,3,oncokb,oncokb_civic.Encorafenib_Binimetinib
TCGA-G4-6625,KRAS,G12S,COAD,R1,oncokb,oncokb_civic.Cetuximab
TCGA-G4-6625,KRAS,G12S,COAD,R1,oncokb,oncokb_civic.Panitumumab
TCGA-G4-6627,KRAS,G12V,COAD,R1,oncokb,oncokb_civic.Cetuximab
TCGA-G4-6627,KRAS,G12V,COAD,R1,oncokb,oncokb_civic.Panitumumab
TCGA-G4-6627,PIK3CA,E545K,COAD,3,oncokb,oncokb_civic.Alpelisib_Fulvestrant
TCGA-G4-6628,ATM,V1446Cfs2,COAD,3,oncokb,oncokb_civic.Olaparib
TCGA-G4-6628,BRAF,V600E,COAD,1,oncokb,oncokb_civic.Encorafenib_Cetuximab
TCGA-G4-6628,BRAF,V600E,COAD,2,oncokb,oncokb_civic.Encorafenib_Panitumumab
TCGA-G4-6628,BRAF,V600E,COAD,3,oncokb,oncokb_civic.Vemurafenib
TCGA-G4-6628,BRAF,V600E,COAD,3,oncokb,oncokb_civic.Dabrafenib
TCGA-G4-6628,BRAF,V600E,COAD,3,oncokb,oncokb_civic.Dabrafenib_Trametinib
TCGA-G4-6628,BRAF,V600E,COAD,3,oncokb,oncokb_civic.Selumetinib
TCGA-G4-6628,BRAF,V600E,COAD,3,oncokb,oncokb_civic.Vemurafenib_Atezolizumab_Cobimetinib
TCGA-G4-6628,BRAF,V600E,COAD,3,oncokb,oncokb_civic.Trametinib
TCGA-G4-6628,BRAF,V600E,COAD,3,oncokb,oncokb_civic.Vemurafenib_Cobimetinib
TCGA-G4-6628,BRAF,V600E,COAD,3,oncokb,oncokb_civic.Encorafenib_Binimetinib
TCGA-G4-6628,PIK3CA,R88Q,COAD,3,oncokb,oncokb_civic.Alpelisib_Fulvestrant
TCGA-NH-A50T,PIK3CA,E542K,COAD,3,oncokb,oncokb_civic.Alpelisib_Fulvestrant
TCGA-NH-A50T,PIK3CA,P104R,COAD,3,oncokb,oncokb_civic.Alpelisib_Fulvestrant
TCGA-NH-A50U,KRAS,G12D,COAD,R1,oncokb,oncokb_civic.Cetuximab
TCGA-NH-A50U,KRAS,G12D,COAD,R1,oncokb,oncokb_civic.Panitumumab
TCGA-NH-A50V,KRAS,G12V,COAD,R1,oncokb,oncokb_civic.Cetuximab
TCGA-NH-A50V,KRAS,G12V,COAD,R1,oncokb,oncokb_civic.Panitumumab
TCGA-NH-A5IV,KRAS,A146T,COAD,R1,oncokb,oncokb_civic.Cetuximab
TCGA-NH-A5IV,KRAS,A146T,COAD,R1,oncokb,oncokb_civic.Panitumumab
TCGA-NH-A6GA,KRAS,G12D,COAD,R1,oncokb,oncokb_civic.Cetuximab
TCGA-NH-A6GA,KRAS,G12D,COAD,R1,oncokb,oncokb_civic.Panitumumab
TCGA-NH-A6GB,KRAS,G13C,COAD,R1,oncokb,oncokb_civic.Cetuximab
TCGA-NH-A6GB,KRAS,G13C,COAD,R1,oncokb,oncokb_civic.Panitumumab
TCGA-NH-A6GC,KRAS,G12V,COAD,R1,oncokb,oncokb_civic.Cetuximab
TCGA-NH-A6GC,KRAS,G12V,COAD,R1,oncokb,oncokb_civic.Panitumumab
TCGA-NH-A8F7,PIK3CA,E545K,COAD,3,oncokb,oncokb_civic.Alpelisib_Fulvestrant
TCGA-NH-A8F8,AKT1,E17K,COAD,3,oncokb,oncokb_civic.AZD5363
TCGA-NH-A8F8,KRAS,G12V,COAD,R1,oncokb,oncokb_civic.Cetuximab
TCGA-NH-A8F8,KRAS,G12V,COAD,R1,oncokb,oncokb_civic.Panitumumab
TCGA-QG-A5YV,KRAS,G12V,COAD,R1,oncokb,oncokb_civic.Cetuximab
TCGA-QG-A5YV,KRAS,G12V,COAD,R1,oncokb,oncokb_civic.Panitumumab
TCGA-QG-A5YV,PIK3CA,M1043I,COAD,3,oncokb,oncokb_civic.Alpelisib_Fulvestrant
TCGA-QG-A5YW,PIK3CA,E545K,COAD,3,oncokb,oncokb_civic.Alpelisib_Fulvestrant
TCGA-QG-A5YX,PIK3CA,H1047R,COAD,3,oncokb,oncokb_civic.Alpelisib_Fulvestrant
TCGA-QG-A5Z2,BRAF,V600E,COAD,1,oncokb,oncokb_civic.Encorafenib_Cetuximab
TCGA-QG-A5Z2,BRAF,V600E,COAD,2,oncokb,oncokb_civic.Encorafenib_Panitumumab
TCGA-QG-A5Z2,BRAF,V600E,COAD,3,oncokb,oncokb_civic.Vemurafenib
TCGA-QG-A5Z2,BRAF,V600E,COAD,3,oncokb,oncokb_civic.Dabrafenib
TCGA-QG-A5Z2,BRAF,V600E,COAD,3,oncokb,oncokb_civic.Dabrafenib_Trametinib
TCGA-QG-A5Z2,BRAF,V600E,COAD,3,oncokb,oncokb_civic.Selumetinib
TCGA-QG-A5Z2,BRAF,V600E,COAD,3,oncokb,oncokb_civic.Vemurafenib_Atezolizumab_Cobimetinib
TCGA-QG-A5Z2,BRAF,V600E,COAD,3,oncokb,oncokb_civic.Trametinib
TCGA-QG-A5Z2,BRAF,V600E,COAD,3,oncokb,oncokb_civic.Vemurafenib_Cobimetinib
TCGA-QG-A5Z2,BRAF,V600E,COAD,3,oncokb,oncokb_civic.Encorafenib_Binimetinib
TCGA-QL-A97D,KRAS,G12D,COAD,R1,oncokb,oncokb_civic.Cetuximab
TCGA-QL-A97D,KRAS,G12D,COAD,R1,oncokb,oncokb_civic.Panitumumab
TCGA-SS-A7HO,KRAS,G12A,COAD,R1,oncokb,oncokb_civic.Cetuximab
TCGA-SS-A7HO,KRAS,G12A,COAD,R1,oncokb,oncokb_civic.Panitumumab
TCGA-T9-A92H,PIK3CA,E545K,COAD,3,oncokb,oncokb_civic.Alpelisib_Fulvestrant
TCGA-WS-AB45,BRCA2,K3416Nfs11,COAD,3,oncokb,oncokb_civic.Olaparib
TCGA-WS-AB45,BRCA2,K3416Nfs11,COAD,3,oncokb,oncokb_civic.Talazoparib
TCGA-WS-AB45,BRCA2,K3416Nfs11,COAD,3,oncokb,oncokb_civic.Olaparib_Bevacizumab
TCGA-WS-AB45,BRCA2,K3416Nfs11,COAD,3,oncokb,oncokb_civic.Rucaparib
TCGA-WS-AB45,BRCA2,K3416Nfs11,COAD,3,oncokb,oncokb_civic.Niraparib
TCGA-WS-AB45,CDK12,P526Lfs84,COAD,3,oncokb,oncokb_civic.Olaparib
TCGA-WS-AB45,PTCH1,N97Tfs20,COAD,3,oncokb,oncokb_civic.Sonidegib
TCGA-WS-AB45,PTCH1,N97Tfs20,COAD,3,oncokb,oncokb_civic.Vismodegib
